institution,institution_type,cibil_score,employment_type,interest_rate
SBI,Public Sector Bank,600,Salaried,8.70%
SBI,Public Sector Bank,600,Self-employed,8.90%
SBI,Public Sector Bank,625,Salaried,8.45%
SBI,Public Sector Bank,625,Self-employed,8.65%
SBI,Public Sector Bank,675,Salaried,8.00%
SBI,Public Sector Bank,675,Self-employed,8.15%
SBI,Public Sector Bank,700,Salaried,7.80%
SBI,Public Sector Bank,700,Self-employed,7.90%
SBI,Public Sector Bank,720,Salaried,7.70%
SBI,Public Sector Bank,720,Self-employed,7.75%
SBI,Public Sector Bank,750,Salaried,7.50%
SBI,Public Sector Bank,750,Self-employed,7.55%
SBI,Public Sector Bank,775,Salaried,7.35%
SBI,Public Sector Bank,775,Self-employed,7.40%
SBI,Public Sector Bank,790,Salaried,7.30%
SBI,Public Sector Bank,790,Self-employed,7.30%
SBI,Public Sector Bank,815,Salaried,7.25%
SBI,Public Sector Bank,815,Self-employed,7.25%
SBI,Public Sector Bank,850,Salaried,7.25%
SBI,Public Sector Bank,850,Self-employed,7.25%
Bank of India,Public Sector Bank,600,Salaried,10.00%
Bank of India,Public Sector Bank,600,Self-employed,10.25%
Bank of India,Public Sector Bank,625,Salaried,9.55%
Bank of India,Public Sector Bank,625,Self-employed,9.75%
Bank of India,Public Sector Bank,675,Salaried,8.65%
Bank of India,Public Sector Bank,675,Self-employed,8.80%
Bank of India,Public Sector Bank,700,Salaried,8.25%
Bank of India,Public Sector Bank,700,Self-employed,8.35%
Bank of India,Public Sector Bank,720,Salaried,8.00%
Bank of India,Public Sector Bank,720,Self-employed,8.10%
Bank of India,Public Sector Bank,750,Salaried,7.65%
Bank of India,Public Sector Bank,750,Self-employed,7.70%
Bank of India,Public Sector Bank,775,Salaried,7.35%
Bank of India,Public Sector Bank,775,Self-employed,7.40%
Bank of India,Public Sector Bank,790,Salaried,7.25%
Bank of India,Public Sector Bank,790,Self-employed,7.25%
Bank of India,Public Sector Bank,815,Salaried,7.15%
Bank of India,Public Sector Bank,815,Self-employed,7.15%
Bank of India,Public Sector Bank,850,Salaried,7.10%
Bank of India,Public Sector Bank,850,Self-employed,7.10%
Bank of Baroda,Public Sector Bank,600,Salaried,9.10%
Bank of Baroda,Public Sector Bank,600,Self-employed,9.20%
Bank of Baroda,Public Sector Bank,625,Salaried,8.80%
Bank of Baroda,Public Sector Bank,625,Self-employed,8.90%
Bank of Baroda,Public Sector Bank,675,Salaried,8.20%
Bank of Baroda,Public Sector Bank,675,Self-employed,8.30%
Bank of Baroda,Public Sector Bank,700,Salaried,7.95%
Bank of Baroda,Public Sector Bank,700,Self-employed,8.00%
Bank of Baroda,Public Sector Bank,720,Salaried,7.80%
Bank of Baroda,Public Sector Bank,720,Self-employed,7.80%
Bank of Baroda,Public Sector Bank,750,Salaried,7.55%
Bank of Baroda,Public Sector Bank,750,Self-employed,7.60%
Bank of Baroda,Public Sector Bank,775,Salaried,7.35%
Bank of Baroda,Public Sector Bank,775,Self-employed,7.40%
Bank of Baroda,Public Sector Bank,790,Salaried,7.30%
Bank of Baroda,Public Sector Bank,790,Self-employed,7.30%
Bank of Baroda,Public Sector Bank,815,Salaried,7.20%
Bank of Baroda,Public Sector Bank,815,Self-employed,7.20%
Bank of Baroda,Public Sector Bank,850,Salaried,7.20%
Bank of Baroda,Public Sector Bank,850,Self-employed,7.20%
Canara Bank,Public Sector Bank,600,Salaried,10.00%
Canara Bank,Public Sector Bank,600,Self-employed,10.25%
Canara Bank,Public Sector Bank,625,Salaried,9.55%
Canara Bank,Public Sector Bank,625,Self-employed,9.75%
Canara Bank,Public Sector Bank,675,Salaried,8.70%
Canara Bank,Public Sector Bank,675,Self-employed,8.85%
Canara Bank,Public Sector Bank,700,Salaried,8.25%
Canara Bank,Public Sector Bank,700,Self-employed,8.35%
Canara Bank,Public Sector Bank,720,Salaried,8.05%
Canara Bank,Public Sector Bank,720,Self-employed,8.10%
Canara Bank,Public Sector Bank,750,Salaried,7.70%
Canara Bank,Public Sector Bank,750,Self-employed,7.75%
Canara Bank,Public Sector Bank,775,Salaried,7.40%
Canara Bank,Public Sector Bank,775,Self-employed,7.45%
Canara Bank,Public Sector Bank,790,Salaried,7.30%
Canara Bank,Public Sector Bank,790,Self-employed,7.30%
Canara Bank,Public Sector Bank,815,Salaried,7.20%
Canara Bank,Public Sector Bank,815,Self-employed,7.20%
Canara Bank,Public Sector Bank,850,Salaried,7.15%
Canara Bank,Public Sector Bank,850,Self-employed,7.15%
Union Bank of India,Public Sector Bank,600,Salaried,10.00%
Union Bank of India,Public Sector Bank,600,Self-employed,10.25%
Union Bank of India,Public Sector Bank,625,Salaried,9.55%
Union Bank of India,Public Sector Bank,625,Self-employed,9.75%
Union Bank of India,Public Sector Bank,675,Salaried,8.70%
Union Bank of India,Public Sector Bank,675,Self-employed,8.85%
Union Bank of India,Public Sector Bank,700,Salaried,8.25%
Union Bank of India,Public Sector Bank,700,Self-employed,8.35%
Union Bank of India,Public Sector Bank,720,Salaried,8.05%
Union Bank of India,Public Sector Bank,720,Self-employed,8.10%
Union Bank of India,Public Sector Bank,750,Salaried,7.70%
Union Bank of India,Public Sector Bank,750,Self-employed,7.75%
Union Bank of India,Public Sector Bank,775,Salaried,7.40%
Union Bank of India,Public Sector Bank,775,Self-employed,7.45%
Union Bank of India,Public Sector Bank,790,Salaried,7.30%
Union Bank of India,Public Sector Bank,790,Self-employed,7.30%
Union Bank of India,Public Sector Bank,815,Salaried,7.20%
Union Bank of India,Public Sector Bank,815,Self-employed,7.20%
Union Bank of India,Public Sector Bank,850,Salaried,7.15%
Union Bank of India,Public Sector Bank,850,Self-employed,7.15%
Central Bank of India,Public Sector Bank,600,Salaried,9.15%
Central Bank of India,Public Sector Bank,600,Self-employed,9.30%
Central Bank of India,Public Sector Bank,625,Salaried,8.80%
Central Bank of India,Public Sector Bank,625,Self-employed,8.95%
Central Bank of India,Public Sector Bank,675,Salaried,8.20%
Central Bank of India,Public Sector Bank,675,Self-employed,8.30%
Central Bank of India,Public Sector Bank,700,Salaried,7.90%
Central Bank of India,Public Sector Bank,700,Self-employed,7.95%
Central Bank of India,Public Sector Bank,720,Salaried,7.75%
Central Bank of India,Public Sector Bank,720,Self-employed,7.80%
Central Bank of India,Public Sector Bank,750,Salaried,7.50%
Central Bank of India,Public Sector Bank,750,Self-employed,7.50%
Central Bank of India,Public Sector Bank,775,Salaried,7.30%
Central Bank of India,Public Sector Bank,775,Self-employed,7.30%
Central Bank of India,Public Sector Bank,790,Salaried,7.20%
Central Bank of India,Public Sector Bank,790,Self-employed,7.20%
Central Bank of India,Public Sector Bank,815,Salaried,7.10%
Central Bank of India,Public Sector Bank,815,Self-employed,7.10%
Central Bank of India,Public Sector Bank,850,Salaried,7.10%
Central Bank of India,Public Sector Bank,850,Self-employed,7.10%
ICICI Bank,Private Bank,600,Salaried,9.05%
ICICI Bank,Private Bank,600,Self-employed,9.20%
ICICI Bank,Private Bank,625,Salaried,8.80%
ICICI Bank,Private Bank,625,Self-employed,8.95%
ICICI Bank,Private Bank,675,Salaried,8.30%
ICICI Bank,Private Bank,675,Self-employed,8.45%
ICICI Bank,Private Bank,700,Salaried,8.05%
ICICI Bank,Private Bank,700,Self-employed,8.20%
ICICI Bank,Private Bank,720,Salaried,7.95%
ICICI Bank,Private Bank,720,Self-employed,8.10%
ICICI Bank,Private Bank,750,Salaried,7.75%
ICICI Bank,Private Bank,750,Self-employed,7.90%
ICICI Bank,Private Bank,775,Salaried,7.60%
ICICI Bank,Private Bank,775,Self-employed,7.75%
ICICI Bank,Private Bank,790,Salaried,7.50%
ICICI Bank,Private Bank,790,Self-employed,7.65%
ICICI Bank,Private Bank,815,Salaried,7.45%
ICICI Bank,Private Bank,815,Self-employed,7.60%
ICICI Bank,Private Bank,850,Salaried,7.45%
ICICI Bank,Private Bank,850,Self-employed,7.60%
HDFC Bank,Private Bank,600,Salaried,8.75%
HDFC Bank,Private Bank,600,Self-employed,8.90%
HDFC Bank,Private Bank,625,Salaried,8.50%
HDFC Bank,Private Bank,625,Self-employed,8.65%
HDFC Bank,Private Bank,675,Salaried,8.00%
HDFC Bank,Private Bank,675,Self-employed,8.15%
HDFC Bank,Private Bank,700,Salaried,7.75%
HDFC Bank,Private Bank,700,Self-employed,7.90%
HDFC Bank,Private Bank,720,Salaried,7.65%
HDFC Bank,Private Bank,720,Self-employed,7.80%
HDFC Bank,Private Bank,750,Salaried,7.45%
HDFC Bank,Private Bank,750,Self-employed,7.60%
HDFC Bank,Private Bank,775,Salaried,7.30%
HDFC Bank,Private Bank,775,Self-employed,7.45%
HDFC Bank,Private Bank,790,Salaried,7.20%
HDFC Bank,Private Bank,790,Self-employed,7.35%
HDFC Bank,Private Bank,815,Salaried,7.15%
HDFC Bank,Private Bank,815,Self-employed,7.30%
HDFC Bank,Private Bank,850,Salaried,7.15%
HDFC Bank,Private Bank,850,Self-employed,7.30%
Axis Bank,Private Bank,600,Salaried,8.90%
Axis Bank,Private Bank,600,Self-employed,9.05%
Axis Bank,Private Bank,625,Salaried,8.65%
Axis Bank,Private Bank,625,Self-employed,8.80%
Axis Bank,Private Bank,675,Salaried,8.15%
Axis Bank,Private Bank,675,Self-employed,8.30%
Axis Bank,Private Bank,700,Salaried,7.90%
Axis Bank,Private Bank,700,Self-employed,8.05%
Axis Bank,Private Bank,720,Salaried,7.80%
Axis Bank,Private Bank,720,Self-employed,7.95%
Axis Bank,Private Bank,750,Salaried,7.60%
Axis Bank,Private Bank,750,Self-employed,7.75%
Axis Bank,Private Bank,775,Salaried,7.45%
Axis Bank,Private Bank,775,Self-employed,7.60%
Axis Bank,Private Bank,790,Salaried,7.35%
Axis Bank,Private Bank,790,Self-employed,7.50%
Axis Bank,Private Bank,815,Salaried,7.30%
Axis Bank,Private Bank,815,Self-employed,7.45%
Axis Bank,Private Bank,850,Salaried,7.30%
Axis Bank,Private Bank,850,Self-employed,7.45%
Kotak Mahindra Bank,Private Bank,600,Salaried,9.25%
Kotak Mahindra Bank,Private Bank,600,Self-employed,9.50%
Kotak Mahindra Bank,Private Bank,625,Salaried,9.00%
Kotak Mahindra Bank,Private Bank,625,Self-employed,9.20%
Kotak Mahindra Bank,Private Bank,675,Salaried,8.50%
Kotak Mahindra Bank,Private Bank,675,Self-employed,8.60%
Kotak Mahindra Bank,Private Bank,700,Salaried,8.25%
Kotak Mahindra Bank,Private Bank,700,Self-employed,8.35%
Kotak Mahindra Bank,Private Bank,720,Salaried,8.10%
Kotak Mahindra Bank,Private Bank,720,Self-employed,8.20%
Kotak Mahindra Bank,Private Bank,750,Salaried,7.90%
Kotak Mahindra Bank,Private Bank,750,Self-employed,7.95%
Kotak Mahindra Bank,Private Bank,775,Salaried,7.75%
Kotak Mahindra Bank,Private Bank,775,Self-employed,7.75%
Kotak Mahindra Bank,Private Bank,790,Salaried,7.65%
Kotak Mahindra Bank,Private Bank,790,Self-employed,7.70%
Kotak Mahindra Bank,Private Bank,815,Salaried,7.60%
Kotak Mahindra Bank,Private Bank,815,Self-employed,7.60%
Kotak Mahindra Bank,Private Bank,850,Salaried,7.60%
Kotak Mahindra Bank,Private Bank,850,Self-employed,7.60%
IDFC First Bank,Private Bank,600,Salaried,10.00%
IDFC First Bank,Private Bank,600,Self-employed,10.25%
IDFC First Bank,Private Bank,625,Salaried,9.65%
IDFC First Bank,Private Bank,625,Self-employed,9.85%
IDFC First Bank,Private Bank,675,Salaried,8.95%
IDFC First Bank,Private Bank,675,Self-employed,9.15%
IDFC First Bank,Private Bank,700,Salaried,8.65%
IDFC First Bank,Private Bank,700,Self-employed,8.80%
IDFC First Bank,Private Bank,720,Salaried,8.45%
IDFC First Bank,Private Bank,720,Self-employed,8.65%
IDFC First Bank,Private Bank,750,Salaried,8.20%
IDFC First Bank,Private Bank,750,Self-employed,8.35%
IDFC First Bank,Private Bank,775,Salaried,7.95%
IDFC First Bank,Private Bank,775,Self-employed,8.10%
IDFC First Bank,Private Bank,790,Salaried,7.85%
IDFC First Bank,Private Bank,790,Self-employed,8.00%
IDFC First Bank,Private Bank,815,Salaried,7.75%
IDFC First Bank,Private Bank,815,Self-employed,7.90%
IDFC First Bank,Private Bank,850,Salaried,7.75%
IDFC First Bank,Private Bank,850,Self-employed,7.90%
Yes Bank,Private Bank,600,Salaried,10.60%
Yes Bank,Private Bank,600,Self-employed,10.75%
Yes Bank,Private Bank,625,Salaried,10.35%
Yes Bank,Private Bank,625,Self-employed,10.50%
Yes Bank,Private Bank,675,Salaried,9.85%
Yes Bank,Private Bank,675,Self-employed,10.00%
Yes Bank,Private Bank,700,Salaried,9.60%
Yes Bank,Private Bank,700,Self-employed,9.75%
Yes Bank,Private Bank,720,Salaried,9.50%
Yes Bank,Private Bank,720,Self-employed,9.65%
Yes Bank,Private Bank,750,Salaried,9.30%
Yes Bank,Private Bank,750,Self-employed,9.45%
Yes Bank,Private Bank,775,Salaried,9.15%
Yes Bank,Private Bank,775,Self-employed,9.30%
Yes Bank,Private Bank,790,Salaried,9.05%
Yes Bank,Private Bank,790,Self-employed,9.20%
Yes Bank,Private Bank,815,Salaried,9.00%
Yes Bank,Private Bank,815,Self-employed,9.15%
Yes Bank,Private Bank,850,Salaried,9.00%
Yes Bank,Private Bank,850,Self-employed,9.15%
RBL Bank,Private Bank,600,Salaried,9.80%
RBL Bank,Private Bank,600,Self-employed,9.95%
RBL Bank,Private Bank,625,Salaried,9.55%
RBL Bank,Private Bank,625,Self-employed,9.70%
RBL Bank,Private Bank,675,Salaried,9.05%
RBL Bank,Private Bank,675,Self-employed,9.20%
RBL Bank,Private Bank,700,Salaried,8.80%
RBL Bank,Private Bank,700,Self-employed,8.95%
RBL Bank,Private Bank,720,Salaried,8.70%
RBL Bank,Private Bank,720,Self-employed,8.85%
RBL Bank,Private Bank,750,Salaried,8.50%
RBL Bank,Private Bank,750,Self-employed,8.65%
RBL Bank,Private Bank,775,Salaried,8.35%
RBL Bank,Private Bank,775,Self-employed,8.50%
RBL Bank,Private Bank,790,Salaried,8.25%
RBL Bank,Private Bank,790,Self-employed,8.40%
RBL Bank,Private Bank,815,Salaried,8.20%
RBL Bank,Private Bank,815,Self-employed,8.35%
RBL Bank,Private Bank,850,Salaried,8.20%
RBL Bank,Private Bank,850,Self-employed,8.35%
AU Small Finance Bank,Small Finance Bank,600,Salaried,9.85%
AU Small Finance Bank,Small Finance Bank,600,Self-employed,10.10%
AU Small Finance Bank,Small Finance Bank,625,Salaried,9.60%
AU Small Finance Bank,Small Finance Bank,625,Self-employed,9.85%
AU Small Finance Bank,Small Finance Bank,675,Salaried,9.10%
AU Small Finance Bank,Small Finance Bank,675,Self-employed,9.35%
AU Small Finance Bank,Small Finance Bank,700,Salaried,8.85%
AU Small Finance Bank,Small Finance Bank,700,Self-employed,9.10%
AU Small Finance Bank,Small Finance Bank,720,Salaried,8.75%
AU Small Finance Bank,Small Finance Bank,720,Self-employed,9.00%
AU Small Finance Bank,Small Finance Bank,750,Salaried,8.55%
AU Small Finance Bank,Small Finance Bank,750,Self-employed,8.80%
AU Small Finance Bank,Small Finance Bank,775,Salaried,8.40%
AU Small Finance Bank,Small Finance Bank,775,Self-employed,8.65%
AU Small Finance Bank,Small Finance Bank,790,Salaried,8.30%
AU Small Finance Bank,Small Finance Bank,790,Self-employed,8.55%
AU Small Finance Bank,Small Finance Bank,815,Salaried,8.25%
AU Small Finance Bank,Small Finance Bank,815,Self-employed,8.50%
AU Small Finance Bank,Small Finance Bank,850,Salaried,8.25%
AU Small Finance Bank,Small Finance Bank,850,Self-employed,8.50%
Ujjivan SFB,Small Finance Bank,600,Salaried,10.35%
Ujjivan SFB,Small Finance Bank,600,Self-employed,10.60%
Ujjivan SFB,Small Finance Bank,625,Salaried,10.10%
Ujjivan SFB,Small Finance Bank,625,Self-employed,10.35%
Ujjivan SFB,Small Finance Bank,675,Salaried,9.60%
Ujjivan SFB,Small Finance Bank,675,Self-employed,9.85%
Ujjivan SFB,Small Finance Bank,700,Salaried,9.35%
Ujjivan SFB,Small Finance Bank,700,Self-employed,9.60%
Ujjivan SFB,Small Finance Bank,720,Salaried,9.25%
Ujjivan SFB,Small Finance Bank,720,Self-employed,9.50%
Ujjivan SFB,Small Finance Bank,750,Salaried,9.05%
Ujjivan SFB,Small Finance Bank,750,Self-employed,9.30%
Ujjivan SFB,Small Finance Bank,775,Salaried,8.90%
Ujjivan SFB,Small Finance Bank,775,Self-employed,9.15%
Ujjivan SFB,Small Finance Bank,790,Salaried,8.80%
Ujjivan SFB,Small Finance Bank,790,Self-employed,9.05%
Ujjivan SFB,Small Finance Bank,815,Salaried,8.75%
Ujjivan SFB,Small Finance Bank,815,Self-employed,9.00%
Ujjivan SFB,Small Finance Bank,850,Salaried,8.75%
Ujjivan SFB,Small Finance Bank,850,Self-employed,9.00%
Jana SFB,Small Finance Bank,600,Salaried,10.60%
Jana SFB,Small Finance Bank,600,Self-employed,10.85%
Jana SFB,Small Finance Bank,625,Salaried,10.35%
Jana SFB,Small Finance Bank,625,Self-employed,10.60%
Jana SFB,Small Finance Bank,675,Salaried,9.85%
Jana SFB,Small Finance Bank,675,Self-employed,10.10%
Jana SFB,Small Finance Bank,700,Salaried,9.60%
Jana SFB,Small Finance Bank,700,Self-employed,9.85%
Jana SFB,Small Finance Bank,720,Salaried,9.50%
Jana SFB,Small Finance Bank,720,Self-employed,9.75%
Jana SFB,Small Finance Bank,750,Salaried,9.30%
Jana SFB,Small Finance Bank,750,Self-employed,9.55%
Jana SFB,Small Finance Bank,775,Salaried,9.15%
Jana SFB,Small Finance Bank,775,Self-employed,9.40%
Jana SFB,Small Finance Bank,790,Salaried,9.05%
Jana SFB,Small Finance Bank,790,Self-employed,9.30%
Jana SFB,Small Finance Bank,815,Salaried,9.00%
Jana SFB,Small Finance Bank,815,Self-employed,9.25%
Jana SFB,Small Finance Bank,850,Salaried,9.00%
Jana SFB,Small Finance Bank,850,Self-employed,9.25%
Equitas SFB,Small Finance Bank,600,Salaried,10.60%
Equitas SFB,Small Finance Bank,600,Self-employed,10.85%
Equitas SFB,Small Finance Bank,625,Salaried,10.35%
Equitas SFB,Small Finance Bank,625,Self-employed,10.60%
Equitas SFB,Small Finance Bank,675,Salaried,9.85%
Equitas SFB,Small Finance Bank,675,Self-employed,10.10%
Equitas SFB,Small Finance Bank,700,Salaried,9.60%
Equitas SFB,Small Finance Bank,700,Self-employed,9.85%
Equitas SFB,Small Finance Bank,720,Salaried,9.50%
Equitas SFB,Small Finance Bank,720,Self-employed,9.75%
Equitas SFB,Small Finance Bank,750,Salaried,9.30%
Equitas SFB,Small Finance Bank,750,Self-employed,9.55%
Equitas SFB,Small Finance Bank,775,Salaried,9.15%
Equitas SFB,Small Finance Bank,775,Self-employed,9.40%
Equitas SFB,Small Finance Bank,790,Salaried,9.05%
Equitas SFB,Small Finance Bank,790,Self-employed,9.30%
Equitas SFB,Small Finance Bank,815,Salaried,9.00%
Equitas SFB,Small Finance Bank,815,Self-employed,9.25%
Equitas SFB,Small Finance Bank,850,Salaried,9.00%
Equitas SFB,Small Finance Bank,850,Self-employed,9.25%
Bajaj Housing Finance,Housing Finance Co.,600,Salaried,10.00%
Bajaj Housing Finance,Housing Finance Co.,600,Self-employed,11.00%
Bajaj Housing Finance,Housing Finance Co.,625,Salaried,9.55%
Bajaj Housing Finance,Housing Finance Co.,625,Self-employed,10.45%
Bajaj Housing Finance,Housing Finance Co.,675,Salaried,8.75%
Bajaj Housing Finance,Housing Finance Co.,675,Self-employed,9.35%
Bajaj Housing Finance,Housing Finance Co.,700,Salaried,8.35%
Bajaj Housing Finance,Housing Finance Co.,700,Self-employed,8.80%
Bajaj Housing Finance,Housing Finance Co.,720,Salaried,8.10%
Bajaj Housing Finance,Housing Finance Co.,720,Self-employed,8.50%
Bajaj Housing Finance,Housing Finance Co.,750,Salaried,7.80%
Bajaj Housing Finance,Housing Finance Co.,750,Self-employed,8.05%
Bajaj Housing Finance,Housing Finance Co.,775,Salaried,7.50%
Bajaj Housing Finance,Housing Finance Co.,775,Self-employed,7.70%
Bajaj Housing Finance,Housing Finance Co.,790,Salaried,7.40%
Bajaj Housing Finance,Housing Finance Co.,790,Self-employed,7.55%
Bajaj Housing Finance,Housing Finance Co.,815,Salaried,7.30%
Bajaj Housing Finance,Housing Finance Co.,815,Self-employed,7.40%
Bajaj Housing Finance,Housing Finance Co.,850,Salaried,7.25%
Bajaj Housing Finance,Housing Finance Co.,850,Self-employed,7.35%
Tata Capital,Housing Finance Co.,600,Salaried,10.00%
Tata Capital,Housing Finance Co.,600,Self-employed,10.00%
Tata Capital,Housing Finance Co.,625,Salaried,9.60%
Tata Capital,Housing Finance Co.,625,Self-employed,9.65%
Tata Capital,Housing Finance Co.,675,Salaried,8.85%
Tata Capital,Housing Finance Co.,675,Self-employed,8.95%
Tata Capital,Housing Finance Co.,700,Salaried,8.50%
Tata Capital,Housing Finance Co.,700,Self-employed,8.60%
Tata Capital,Housing Finance Co.,720,Salaried,8.30%
Tata Capital,Housing Finance Co.,720,Self-employed,8.40%
Tata Capital,Housing Finance Co.,750,Salaried,8.00%
Tata Capital,Housing Finance Co.,750,Self-employed,8.15%
Tata Capital,Housing Finance Co.,775,Salaried,7.75%
Tata Capital,Housing Finance Co.,775,Self-employed,7.90%
Tata Capital,Housing Finance Co.,790,Salaried,7.60%
Tata Capital,Housing Finance Co.,790,Self-employed,7.80%
Tata Capital,Housing Finance Co.,815,Salaried,7.55%
Tata Capital,Housing Finance Co.,815,Self-employed,7.70%
Tata Capital,Housing Finance Co.,850,Salaried,7.50%
Tata Capital,Housing Finance Co.,850,Self-employed,7.70%
LIC Housing Finance,Housing Finance Co.,600,Salaried,9.50%
LIC Housing Finance,Housing Finance Co.,600,Self-employed,11.00%
LIC Housing Finance,Housing Finance Co.,625,Salaried,9.10%
LIC Housing Finance,Housing Finance Co.,625,Self-employed,10.45%
LIC Housing Finance,Housing Finance Co.,675,Salaried,8.40%
LIC Housing Finance,Housing Finance Co.,675,Self-employed,9.40%
LIC Housing Finance,Housing Finance Co.,700,Salaried,8.05%
LIC Housing Finance,Housing Finance Co.,700,Self-employed,8.90%
LIC Housing Finance,Housing Finance Co.,720,Salaried,7.90%
LIC Housing Finance,Housing Finance Co.,720,Self-employed,8.60%
LIC Housing Finance,Housing Finance Co.,750,Salaried,7.60%
LIC Housing Finance,Housing Finance Co.,750,Self-employed,8.20%
LIC Housing Finance,Housing Finance Co.,775,Salaried,7.35%
LIC Housing Finance,Housing Finance Co.,775,Self-employed,7.85%
LIC Housing Finance,Housing Finance Co.,790,Salaried,7.25%
LIC Housing Finance,Housing Finance Co.,790,Self-employed,7.70%
LIC Housing Finance,Housing Finance Co.,815,Salaried,7.15%
LIC Housing Finance,Housing Finance Co.,815,Self-employed,7.55%
LIC Housing Finance,Housing Finance Co.,850,Salaried,7.15%
LIC Housing Finance,Housing Finance Co.,850,Self-employed,7.50%
PNB Housing Finance,Housing Finance Co.,600,Salaried,10.50%
PNB Housing Finance,Housing Finance Co.,600,Self-employed,12.00%
PNB Housing Finance,Housing Finance Co.,625,Salaried,10.10%
PNB Housing Finance,Housing Finance Co.,625,Self-employed,11.35%
PNB Housing Finance,Housing Finance Co.,675,Salaried,9.30%
PNB Housing Finance,Housing Finance Co.,675,Self-employed,10.15%
PNB Housing Finance,Housing Finance Co.,700,Salaried,8.90%
PNB Housing Finance,Housing Finance Co.,700,Self-employed,9.50%
PNB Housing Finance,Housing Finance Co.,720,Salaried,8.70%
PNB Housing Finance,Housing Finance Co.,720,Self-employed,9.20%
PNB Housing Finance,Housing Finance Co.,750,Salaried,8.40%
PNB Housing Finance,Housing Finance Co.,750,Self-employed,8.70%
PNB Housing Finance,Housing Finance Co.,775,Salaried,8.15%
PNB Housing Finance,Housing Finance Co.,775,Self-employed,8.30%
PNB Housing Finance,Housing Finance Co.,790,Salaried,8.05%
PNB Housing Finance,Housing Finance Co.,790,Self-employed,8.10%
PNB Housing Finance,Housing Finance Co.,815,Salaried,7.95%
PNB Housing Finance,Housing Finance Co.,815,Self-employed,7.95%
PNB Housing Finance,Housing Finance Co.,850,Salaried,7.90%
PNB Housing Finance,Housing Finance Co.,850,Self-employed,7.90%
Sammaan Capital (Indiabulls),Housing Finance Co.,600,Salaried,12.00%
Sammaan Capital (Indiabulls),Housing Finance Co.,600,Self-employed,12.50%
Sammaan Capital (Indiabulls),Housing Finance Co.,625,Salaried,11.50%
Sammaan Capital (Indiabulls),Housing Finance Co.,625,Self-employed,11.95%
Sammaan Capital (Indiabulls),Housing Finance Co.,675,Salaried,10.50%
Sammaan Capital (Indiabulls),Housing Finance Co.,675,Self-employed,10.90%
Sammaan Capital (Indiabulls),Housing Finance Co.,700,Salaried,10.05%
Sammaan Capital (Indiabulls),Housing Finance Co.,700,Self-employed,10.40%
Sammaan Capital (Indiabulls),Housing Finance Co.,720,Salaried,9.75%
Sammaan Capital (Indiabulls),Housing Finance Co.,720,Self-employed,10.10%
Sammaan Capital (Indiabulls),Housing Finance Co.,750,Salaried,9.40%
Sammaan Capital (Indiabulls),Housing Finance Co.,750,Self-employed,9.70%
Sammaan Capital (Indiabulls),Housing Finance Co.,775,Salaried,9.05%
Sammaan Capital (Indiabulls),Housing Finance Co.,775,Self-employed,9.35%
Sammaan Capital (Indiabulls),Housing Finance Co.,790,Salaried,8.90%
Sammaan Capital (Indiabulls),Housing Finance Co.,790,Self-employed,9.20%
Sammaan Capital (Indiabulls),Housing Finance Co.,815,Salaried,8.80%
Sammaan Capital (Indiabulls),Housing Finance Co.,815,Self-employed,9.05%
Sammaan Capital (Indiabulls),Housing Finance Co.,850,Salaried,8.75%
Sammaan Capital (Indiabulls),Housing Finance Co.,850,Self-employed,9.00%
Muthoot Housing Finance,Housing Finance Co.,600,Salaried,14.00%
Muthoot Housing Finance,Housing Finance Co.,600,Self-employed,15.50%
Muthoot Housing Finance,Housing Finance Co.,625,Salaried,13.55%
Muthoot Housing Finance,Housing Finance Co.,625,Self-employed,15.05%
Muthoot Housing Finance,Housing Finance Co.,675,Salaried,12.75%
Muthoot Housing Finance,Housing Finance Co.,675,Self-employed,14.15%
Muthoot Housing Finance,Housing Finance Co.,700,Salaried,12.35%
Muthoot Housing Finance,Housing Finance Co.,700,Self-employed,13.70%
Muthoot Housing Finance,Housing Finance Co.,720,Salaried,12.10%
Muthoot Housing Finance,Housing Finance Co.,720,Self-employed,13.45%
Muthoot Housing Finance,Housing Finance Co.,750,Salaried,11.80%
Muthoot Housing Finance,Housing Finance Co.,750,Self-employed,13.10%
Muthoot Housing Finance,Housing Finance Co.,775,Salaried,11.50%
Muthoot Housing Finance,Housing Finance Co.,775,Self-employed,12.80%
Muthoot Housing Finance,Housing Finance Co.,790,Salaried,11.40%
Muthoot Housing Finance,Housing Finance Co.,790,Self-employed,12.65%
Muthoot Housing Finance,Housing Finance Co.,815,Salaried,11.30%
Muthoot Housing Finance,Housing Finance Co.,815,Self-employed,12.55%
Muthoot Housing Finance,Housing Finance Co.,850,Salaried,11.25%
Muthoot Housing Finance,Housing Finance Co.,850,Self-employed,12.50%
Aavas Financiers,Housing Finance Co.,600,Salaried,13.00%
Aavas Financiers,Housing Finance Co.,600,Self-employed,13.50%
Aavas Financiers,Housing Finance Co.,625,Salaried,12.40%
Aavas Financiers,Housing Finance Co.,625,Self-employed,12.90%
Aavas Financiers,Housing Finance Co.,675,Salaried,11.20%
Aavas Financiers,Housing Finance Co.,675,Self-employed,11.70%
Aavas Financiers,Housing Finance Co.,700,Salaried,10.60%
Aavas Financiers,Housing Finance Co.,700,Self-employed,11.10%
Aavas Financiers,Housing Finance Co.,720,Salaried,10.25%
Aavas Financiers,Housing Finance Co.,720,Self-employed,10.75%
Aavas Financiers,Housing Finance Co.,750,Salaried,9.80%
Aavas Financiers,Housing Finance Co.,750,Self-employed,10.30%
Aavas Financiers,Housing Finance Co.,775,Salaried,9.40%
Aavas Financiers,Housing Finance Co.,775,Self-employed,9.90%
Aavas Financiers,Housing Finance Co.,790,Salaried,9.20%
Aavas Financiers,Housing Finance Co.,790,Self-employed,9.70%
Aavas Financiers,Housing Finance Co.,815,Salaried,9.05%
Aavas Financiers,Housing Finance Co.,815,Self-employed,9.55%
Aavas Financiers,Housing Finance Co.,850,Salaried,9.00%
Aavas Financiers,Housing Finance Co.,850,Self-employed,9.50%
Hinduja Housing Finance,Housing Finance Co.,600,Salaried,14.00%
Hinduja Housing Finance,Housing Finance Co.,600,Self-employed,14.50%
Hinduja Housing Finance,Housing Finance Co.,625,Salaried,13.40%
Hinduja Housing Finance,Housing Finance Co.,625,Self-employed,13.90%
Hinduja Housing Finance,Housing Finance Co.,675,Salaried,12.20%
Hinduja Housing Finance,Housing Finance Co.,675,Self-employed,12.70%
Hinduja Housing Finance,Housing Finance Co.,700,Salaried,11.60%
Hinduja Housing Finance,Housing Finance Co.,700,Self-employed,12.10%
Hinduja Housing Finance,Housing Finance Co.,720,Salaried,11.25%
Hinduja Housing Finance,Housing Finance Co.,720,Self-employed,11.75%
Hinduja Housing Finance,Housing Finance Co.,750,Salaried,10.80%
Hinduja Housing Finance,Housing Finance Co.,750,Self-employed,11.30%
Hinduja Housing Finance,Housing Finance Co.,775,Salaried,10.40%
Hinduja Housing Finance,Housing Finance Co.,775,Self-employed,10.90%
Hinduja Housing Finance,Housing Finance Co.,790,Salaried,10.20%
Hinduja Housing Finance,Housing Finance Co.,790,Self-employed,10.70%
Hinduja Housing Finance,Housing Finance Co.,815,Salaried,10.05%
Hinduja Housing Finance,Housing Finance Co.,815,Self-employed,10.55%
Hinduja Housing Finance,Housing Finance Co.,850,Salaried,10.00%
Hinduja Housing Finance,Housing Finance Co.,850,Self-employed,10.50%
Home First Finance,Housing Finance Co.,600,Salaried,14.00%
Home First Finance,Housing Finance Co.,600,Self-employed,14.50%
Home First Finance,Housing Finance Co.,625,Salaried,13.55%
Home First Finance,Housing Finance Co.,625,Self-employed,14.05%
Home First Finance,Housing Finance Co.,675,Salaried,12.65%
Home First Finance,Housing Finance Co.,675,Self-employed,13.15%
Home First Finance,Housing Finance Co.,700,Salaried,12.20%
Home First Finance,Housing Finance Co.,700,Self-employed,12.70%
Home First Finance,Housing Finance Co.,720,Salaried,11.95%
Home First Finance,Housing Finance Co.,720,Self-employed,12.45%
Home First Finance,Housing Finance Co.,750,Salaried,11.60%
Home First Finance,Housing Finance Co.,750,Self-employed,12.10%
Home First Finance,Housing Finance Co.,775,Salaried,11.30%
Home First Finance,Housing Finance Co.,775,Self-employed,11.80%
Home First Finance,Housing Finance Co.,790,Salaried,11.15%
Home First Finance,Housing Finance Co.,790,Self-employed,11.65%
Home First Finance,Housing Finance Co.,815,Salaried,11.05%
Home First Finance,Housing Finance Co.,815,Self-employed,11.55%
Home First Finance,Housing Finance Co.,850,Salaried,11.00%
Home First Finance,Housing Finance Co.,850,Self-employed,11.50%
Aadhar Housing Finance,Housing Finance Co.,600,Salaried,15.00%
Aadhar Housing Finance,Housing Finance Co.,600,Self-employed,16.00%
Aadhar Housing Finance,Housing Finance Co.,625,Salaried,14.50%
Aadhar Housing Finance,Housing Finance Co.,625,Self-employed,15.40%
Aadhar Housing Finance,Housing Finance Co.,675,Salaried,13.50%
Aadhar Housing Finance,Housing Finance Co.,675,Self-employed,14.30%
Aadhar Housing Finance,Housing Finance Co.,700,Salaried,13.05%
Aadhar Housing Finance,Housing Finance Co.,700,Self-employed,13.75%
Aadhar Housing Finance,Housing Finance Co.,720,Salaried,12.75%
Aadhar Housing Finance,Housing Finance Co.,720,Self-employed,13.45%
Aadhar Housing Finance,Housing Finance Co.,750,Salaried,12.40%
Aadhar Housing Finance,Housing Finance Co.,750,Self-employed,13.00%
Aadhar Housing Finance,Housing Finance Co.,775,Salaried,12.05%
Aadhar Housing Finance,Housing Finance Co.,775,Self-employed,12.60%
Aadhar Housing Finance,Housing Finance Co.,790,Salaried,11.90%
Aadhar Housing Finance,Housing Finance Co.,790,Self-employed,12.45%
Aadhar Housing Finance,Housing Finance Co.,815,Salaried,11.80%
Aadhar Housing Finance,Housing Finance Co.,815,Self-employed,12.30%
Aadhar Housing Finance,Housing Finance Co.,850,Salaried,11.75%
Aadhar Housing Finance,Housing Finance Co.,850,Self-employed,12.25%
Cholamandalam Finance,Housing Finance Co.,600,Salaried,14.00%
Cholamandalam Finance,Housing Finance Co.,600,Self-employed,14.50%
Cholamandalam Finance,Housing Finance Co.,625,Salaried,13.45%
Cholamandalam Finance,Housing Finance Co.,625,Self-employed,13.90%
Cholamandalam Finance,Housing Finance Co.,675,Salaried,12.40%
Cholamandalam Finance,Housing Finance Co.,675,Self-employed,12.80%
Cholamandalam Finance,Housing Finance Co.,700,Salaried,11.90%
Cholamandalam Finance,Housing Finance Co.,700,Self-employed,12.25%
Cholamandalam Finance,Housing Finance Co.,720,Salaried,11.60%
Cholamandalam Finance,Housing Finance Co.,720,Self-employed,11.95%
Cholamandalam Finance,Housing Finance Co.,750,Salaried,11.20%
Cholamandalam Finance,Housing Finance Co.,750,Self-employed,11.50%
Cholamandalam Finance,Housing Finance Co.,775,Salaried,10.85%
Cholamandalam Finance,Housing Finance Co.,775,Self-employed,11.10%
Cholamandalam Finance,Housing Finance Co.,790,Salaried,10.70%
Cholamandalam Finance,Housing Finance Co.,790,Self-employed,10.95%
Cholamandalam Finance,Housing Finance Co.,815,Salaried,10.55%
Cholamandalam Finance,Housing Finance Co.,815,Self-employed,10.80%
Cholamandalam Finance,Housing Finance Co.,850,Salaried,10.50%
Cholamandalam Finance,Housing Finance Co.,850,Self-employed,10.75%
SK Finance,Housing Finance Co.,600,Salaried,16.00%
SK Finance,Housing Finance Co.,600,Self-employed,17.00%
SK Finance,Housing Finance Co.,625,Salaried,15.40%
SK Finance,Housing Finance Co.,625,Self-employed,16.30%
SK Finance,Housing Finance Co.,675,Salaried,14.20%
SK Finance,Housing Finance Co.,675,Self-employed,14.95%
SK Finance,Housing Finance Co.,700,Salaried,13.60%
SK Finance,Housing Finance Co.,700,Self-employed,14.30%
SK Finance,Housing Finance Co.,720,Salaried,13.25%
SK Finance,Housing Finance Co.,720,Self-employed,13.90%
SK Finance,Housing Finance Co.,750,Salaried,12.80%
SK Finance,Housing Finance Co.,750,Self-employed,13.40%
SK Finance,Housing Finance Co.,775,Salaried,12.40%
SK Finance,Housing Finance Co.,775,Self-employed,12.95%
SK Finance,Housing Finance Co.,790,Salaried,12.20%
SK Finance,Housing Finance Co.,790,Self-employed,12.75%
SK Finance,Housing Finance Co.,815,Salaried,12.05%
SK Finance,Housing Finance Co.,815,Self-employed,12.55%
SK Finance,Housing Finance Co.,850,Salaried,12.00%
SK Finance,Housing Finance Co.,850,Self-employed,12.50%
MAS Financial,Housing Finance Co.,600,Salaried,15.00%
MAS Financial,Housing Finance Co.,600,Self-employed,15.50%
MAS Financial,Housing Finance Co.,625,Salaried,14.40%
MAS Financial,Housing Finance Co.,625,Self-employed,14.90%
MAS Financial,Housing Finance Co.,675,Salaried,13.20%
MAS Financial,Housing Finance Co.,675,Self-employed,13.70%
MAS Financial,Housing Finance Co.,700,Salaried,12.60%
MAS Financial,Housing Finance Co.,700,Self-employed,13.10%
MAS Financial,Housing Finance Co.,720,Salaried,12.25%
MAS Financial,Housing Finance Co.,720,Self-employed,12.75%
MAS Financial,Housing Finance Co.,750,Salaried,11.80%
MAS Financial,Housing Finance Co.,750,Self-employed,12.30%
MAS Financial,Housing Finance Co.,775,Salaried,11.40%
MAS Financial,Housing Finance Co.,775,Self-employed,11.90%
MAS Financial,Housing Finance Co.,790,Salaried,11.20%
MAS Financial,Housing Finance Co.,790,Self-employed,11.70%
MAS Financial,Housing Finance Co.,815,Salaried,11.05%
MAS Financial,Housing Finance Co.,815,Self-employed,11.55%
MAS Financial,Housing Finance Co.,850,Salaried,11.00%
MAS Financial,Housing Finance Co.,850,Self-employed,11.50%
JM Financial Services,Housing Finance Co.,600,Salaried,13.50%
JM Financial Services,Housing Finance Co.,600,Self-employed,14.00%
JM Financial Services,Housing Finance Co.,625,Salaried,12.95%
JM Financial Services,Housing Finance Co.,625,Self-employed,13.45%
JM Financial Services,Housing Finance Co.,675,Salaried,11.90%
JM Financial Services,Housing Finance Co.,675,Self-employed,12.40%
JM Financial Services,Housing Finance Co.,700,Salaried,11.40%
JM Financial Services,Housing Finance Co.,700,Self-employed,11.90%
JM Financial Services,Housing Finance Co.,720,Salaried,11.10%
JM Financial Services,Housing Finance Co.,720,Self-employed,11.60%
JM Financial Services,Housing Finance Co.,750,Salaried,10.70%
JM Financial Services,Housing Finance Co.,750,Self-employed,11.20%
JM Financial Services,Housing Finance Co.,775,Salaried,10.35%
JM Financial Services,Housing Finance Co.,775,Self-employed,10.85%
JM Financial Services,Housing Finance Co.,790,Salaried,10.20%
JM Financial Services,Housing Finance Co.,790,Self-employed,10.70%
JM Financial Services,Housing Finance Co.,815,Salaried,10.05%
JM Financial Services,Housing Finance Co.,815,Self-employed,10.55%
JM Financial Services,Housing Finance Co.,850,Salaried,10.00%
JM Financial Services,Housing Finance Co.,850,Self-employed,10.50%
Axis Finance,Housing Finance Co.,600,Salaried,13.75%
Axis Finance,Housing Finance Co.,600,Self-employed,14.00%
Axis Finance,Housing Finance Co.,625,Salaried,13.20%
Axis Finance,Housing Finance Co.,625,Self-employed,13.45%
Axis Finance,Housing Finance Co.,675,Salaried,12.15%
Axis Finance,Housing Finance Co.,675,Self-employed,12.40%
Axis Finance,Housing Finance Co.,700,Salaried,11.65%
Axis Finance,Housing Finance Co.,700,Self-employed,11.90%
Axis Finance,Housing Finance Co.,720,Salaried,11.35%
Axis Finance,Housing Finance Co.,720,Self-employed,11.60%
Axis Finance,Housing Finance Co.,750,Salaried,10.95%
Axis Finance,Housing Finance Co.,750,Self-employed,11.20%
Axis Finance,Housing Finance Co.,775,Salaried,10.60%
Axis Finance,Housing Finance Co.,775,Self-employed,10.85%
Axis Finance,Housing Finance Co.,790,Salaried,10.45%
Axis Finance,Housing Finance Co.,790,Self-employed,10.70%
Axis Finance,Housing Finance Co.,815,Salaried,10.30%
Axis Finance,Housing Finance Co.,815,Self-employed,10.55%
Axis Finance,Housing Finance Co.,850,Salaried,10.25%
Axis Finance,Housing Finance Co.,850,Self-employed,10.50%
Punjab National Bank,Public Sector Bank,600,Salaried,9.10%
Punjab National Bank,Public Sector Bank,600,Self-employed,9.20%
Punjab National Bank,Public Sector Bank,625,Salaried,8.80%
Punjab National Bank,Public Sector Bank,625,Self-employed,8.90%
Punjab National Bank,Public Sector Bank,675,Salaried,8.20%
Punjab National Bank,Public Sector Bank,675,Self-employed,8.30%
Punjab National Bank,Public Sector Bank,700,Salaried,7.95%
Punjab National Bank,Public Sector Bank,700,Self-employed,8.00%
Punjab National Bank,Public Sector Bank,720,Salaried,7.80%
Punjab National Bank,Public Sector Bank,720,Self-employed,7.80%
Punjab National Bank,Public Sector Bank,750,Salaried,7.55%
Punjab National Bank,Public Sector Bank,750,Self-employed,7.60%
Punjab National Bank,Public Sector Bank,775,Salaried,7.35%
Punjab National Bank,Public Sector Bank,775,Self-employed,7.40%
Punjab National Bank,Public Sector Bank,790,Salaried,7.30%
Punjab National Bank,Public Sector Bank,790,Self-employed,7.30%
Punjab National Bank,Public Sector Bank,815,Salaried,7.20%
Punjab National Bank,Public Sector Bank,815,Self-employed,7.20%
Punjab National Bank,Public Sector Bank,850,Salaried,7.20%
Punjab National Bank,Public Sector Bank,850,Self-employed,7.20%
Indian Bank,Public Sector Bank,600,Salaried,10.50%
Indian Bank,Public Sector Bank,600,Self-employed,12.00%
Indian Bank,Public Sector Bank,625,Salaried,10.10%
Indian Bank,Public Sector Bank,625,Self-employed,11.35%
Indian Bank,Public Sector Bank,675,Salaried,9.30%
Indian Bank,Public Sector Bank,675,Self-employed,10.15%
Indian Bank,Public Sector Bank,700,Salaried,8.90%
Indian Bank,Public Sector Bank,700,Self-employed,9.50%
Indian Bank,Public Sector Bank,720,Salaried,8.70%
Indian Bank,Public Sector Bank,720,Self-employed,9.20%
Indian Bank,Public Sector Bank,750,Salaried,8.40%
Indian Bank,Public Sector Bank,750,Self-employed,8.70%
Indian Bank,Public Sector Bank,775,Salaried,8.15%
Indian Bank,Public Sector Bank,775,Self-employed,8.30%
Indian Bank,Public Sector Bank,790,Salaried,8.05%
Indian Bank,Public Sector Bank,790,Self-employed,8.10%
Indian Bank,Public Sector Bank,815,Salaried,7.95%
Indian Bank,Public Sector Bank,815,Self-employed,7.95%
Indian Bank,Public Sector Bank,850,Salaried,7.90%
Indian Bank,Public Sector Bank,850,Self-employed,7.90%
Indian Overseas Bank,Public Sector Bank,600,Salaried,8.70%
Indian Overseas Bank,Public Sector Bank,600,Self-employed,8.90%
Indian Overseas Bank,Public Sector Bank,625,Salaried,8.45%
Indian Overseas Bank,Public Sector Bank,625,Self-employed,8.65%
Indian Overseas Bank,Public Sector Bank,675,Salaried,8.00%
Indian Overseas Bank,Public Sector Bank,675,Self-employed,8.15%
Indian Overseas Bank,Public Sector Bank,700,Salaried,7.80%
Indian Overseas Bank,Public Sector Bank,700,Self-employed,7.90%
Indian Overseas Bank,Public Sector Bank,720,Salaried,7.70%
Indian Overseas Bank,Public Sector Bank,720,Self-employed,7.75%
Indian Overseas Bank,Public Sector Bank,750,Salaried,7.50%
Indian Overseas Bank,Public Sector Bank,750,Self-employed,7.55%
Indian Overseas Bank,Public Sector Bank,775,Salaried,7.35%
Indian Overseas Bank,Public Sector Bank,775,Self-employed,7.40%
Indian Overseas Bank,Public Sector Bank,790,Salaried,7.30%
Indian Overseas Bank,Public Sector Bank,790,Self-employed,7.30%
Indian Overseas Bank,Public Sector Bank,815,Salaried,7.25%
Indian Overseas Bank,Public Sector Bank,815,Self-employed,7.25%
Indian Overseas Bank,Public Sector Bank,850,Salaried,7.25%
Indian Overseas Bank,Public Sector Bank,850,Self-employed,7.25%
UCO Bank,Public Sector Bank,600,Salaried,9.50%
UCO Bank,Public Sector Bank,600,Self-employed,11.00%
UCO Bank,Public Sector Bank,625,Salaried,9.10%
UCO Bank,Public Sector Bank,625,Self-employed,10.45%
UCO Bank,Public Sector Bank,675,Salaried,8.40%
UCO Bank,Public Sector Bank,675,Self-employed,9.40%
UCO Bank,Public Sector Bank,700,Salaried,8.05%
UCO Bank,Public Sector Bank,700,Self-employed,8.90%
UCO Bank,Public Sector Bank,720,Salaried,7.90%
UCO Bank,Public Sector Bank,720,Self-employed,8.60%
UCO Bank,Public Sector Bank,750,Salaried,7.60%
UCO Bank,Public Sector Bank,750,Self-employed,8.20%
UCO Bank,Public Sector Bank,775,Salaried,7.35%
UCO Bank,Public Sector Bank,775,Self-employed,7.85%
UCO Bank,Public Sector Bank,790,Salaried,7.25%
UCO Bank,Public Sector Bank,790,Self-employed,7.70%
UCO Bank,Public Sector Bank,815,Salaried,7.15%
UCO Bank,Public Sector Bank,815,Self-employed,7.55%
UCO Bank,Public Sector Bank,850,Salaried,7.15%
UCO Bank,Public Sector Bank,850,Self-employed,7.50%
Bank of Maharashtra,Public Sector Bank,600,Salaried,10.00%
Bank of Maharashtra,Public Sector Bank,600,Self-employed,11.00%
Bank of Maharashtra,Public Sector Bank,625,Salaried,9.55%
Bank of Maharashtra,Public Sector Bank,625,Self-employed,10.45%
Bank of Maharashtra,Public Sector Bank,675,Salaried,8.75%
Bank of Maharashtra,Public Sector Bank,675,Self-employed,9.35%
Bank of Maharashtra,Public Sector Bank,700,Salaried,8.35%
Bank of Maharashtra,Public Sector Bank,700,Self-employed,8.80%
Bank of Maharashtra,Public Sector Bank,720,Salaried,8.10%
Bank of Maharashtra,Public Sector Bank,720,Self-employed,8.50%
Bank of Maharashtra,Public Sector Bank,750,Salaried,7.80%
Bank of Maharashtra,Public Sector Bank,750,Self-employed,8.05%
Bank of Maharashtra,Public Sector Bank,775,Salaried,7.50%
Bank of Maharashtra,Public Sector Bank,775,Self-employed,7.70%
Bank of Maharashtra,Public Sector Bank,790,Salaried,7.40%
Bank of Maharashtra,Public Sector Bank,790,Self-employed,7.55%
Bank of Maharashtra,Public Sector Bank,815,Salaried,7.30%
Bank of Maharashtra,Public Sector Bank,815,Self-employed,7.40%
Bank of Maharashtra,Public Sector Bank,850,Salaried,7.25%
Bank of Maharashtra,Public Sector Bank,850,Self-employed,7.35%
Punjab & Sind Bank,Public Sector Bank,600,Salaried,10.00%
Punjab & Sind Bank,Public Sector Bank,600,Self-employed,11.00%
Punjab & Sind Bank,Public Sector Bank,625,Salaried,9.55%
Punjab & Sind Bank,Public Sector Bank,625,Self-employed,10.45%
Punjab & Sind Bank,Public Sector Bank,675,Salaried,8.75%
Punjab & Sind Bank,Public Sector Bank,675,Self-employed,9.35%
Punjab & Sind Bank,Public Sector Bank,700,Salaried,8.35%
Punjab & Sind Bank,Public Sector Bank,700,Self-employed,8.80%
Punjab & Sind Bank,Public Sector Bank,720,Salaried,8.10%
Punjab & Sind Bank,Public Sector Bank,720,Self-employed,8.50%
Punjab & Sind Bank,Public Sector Bank,750,Salaried,7.80%
Punjab & Sind Bank,Public Sector Bank,750,Self-employed,8.05%
Punjab & Sind Bank,Public Sector Bank,775,Salaried,7.50%
Punjab & Sind Bank,Public Sector Bank,775,Self-employed,7.70%
Punjab & Sind Bank,Public Sector Bank,790,Salaried,7.40%
Punjab & Sind Bank,Public Sector Bank,790,Self-employed,7.55%
Punjab & Sind Bank,Public Sector Bank,815,Salaried,7.30%
Punjab & Sind Bank,Public Sector Bank,815,Self-employed,7.40%
Punjab & Sind Bank,Public Sector Bank,850,Salaried,7.25%
Punjab & Sind Bank,Public Sector Bank,850,Self-employed,7.35%
IndusInd Bank,Private Bank,600,Salaried,10.50%
IndusInd Bank,Private Bank,600,Self-employed,12.00%
IndusInd Bank,Private Bank,625,Salaried,10.10%
IndusInd Bank,Private Bank,625,Self-employed,11.35%
IndusInd Bank,Private Bank,675,Salaried,9.30%
IndusInd Bank,Private Bank,675,Self-employed,10.15%
IndusInd Bank,Private Bank,700,Salaried,8.90%
IndusInd Bank,Private Bank,700,Self-employed,9.50%
IndusInd Bank,Private Bank,720,Salaried,8.70%
IndusInd Bank,Private Bank,720,Self-employed,9.20%
IndusInd Bank,Private Bank,750,Salaried,8.40%
IndusInd Bank,Private Bank,750,Self-employed,8.70%
IndusInd Bank,Private Bank,775,Salaried,8.15%
IndusInd Bank,Private Bank,775,Self-employed,8.30%
IndusInd Bank,Private Bank,790,Salaried,8.05%
IndusInd Bank,Private Bank,790,Self-employed,8.10%
IndusInd Bank,Private Bank,815,Salaried,7.95%
IndusInd Bank,Private Bank,815,Self-employed,7.95%
IndusInd Bank,Private Bank,850,Salaried,7.90%
IndusInd Bank,Private Bank,850,Self-employed,7.90%
Federal Bank,Private Bank,600,Salaried,9.50%
Federal Bank,Private Bank,600,Self-employed,11.00%
Federal Bank,Private Bank,625,Salaried,9.10%
Federal Bank,Private Bank,625,Self-employed,10.45%
Federal Bank,Private Bank,675,Salaried,8.40%
Federal Bank,Private Bank,675,Self-employed,9.40%
Federal Bank,Private Bank,700,Salaried,8.05%
Federal Bank,Private Bank,700,Self-employed,8.90%
Federal Bank,Private Bank,720,Salaried,7.90%
Federal Bank,Private Bank,720,Self-employed,8.60%
Federal Bank,Private Bank,750,Salaried,7.60%
Federal Bank,Private Bank,750,Self-employed,8.20%
Federal Bank,Private Bank,775,Salaried,7.35%
Federal Bank,Private Bank,775,Self-employed,7.85%
Federal Bank,Private Bank,790,Salaried,7.25%
Federal Bank,Private Bank,790,Self-employed,7.70%
Federal Bank,Private Bank,815,Salaried,7.15%
Federal Bank,Private Bank,815,Self-employed,7.55%
Federal Bank,Private Bank,850,Salaried,7.15%
Federal Bank,Private Bank,850,Self-employed,7.50%
South Indian Bank,Private Bank,600,Salaried,10.00%
South Indian Bank,Private Bank,600,Self-employed,10.25%
South Indian Bank,Private Bank,625,Salaried,9.55%
South Indian Bank,Private Bank,625,Self-employed,9.75%
South Indian Bank,Private Bank,675,Salaried,8.70%
South Indian Bank,Private Bank,675,Self-employed,8.85%
South Indian Bank,Private Bank,700,Salaried,8.25%
South Indian Bank,Private Bank,700,Self-employed,8.35%
South Indian Bank,Private Bank,720,Salaried,8.05%
South Indian Bank,Private Bank,720,Self-employed,8.10%
South Indian Bank,Private Bank,750,Salaried,7.70%
South Indian Bank,Private Bank,750,Self-employed,7.75%
South Indian Bank,Private Bank,775,Salaried,7.40%
South Indian Bank,Private Bank,775,Self-employed,7.45%
South Indian Bank,Private Bank,790,Salaried,7.30%
South Indian Bank,Private Bank,790,Self-employed,7.30%
South Indian Bank,Private Bank,815,Salaried,7.20%
South Indian Bank,Private Bank,815,Self-employed,7.20%
South Indian Bank,Private Bank,850,Salaried,7.15%
South Indian Bank,Private Bank,850,Self-employed,7.15%
Karur Vysya Bank,Private Bank,600,Salaried,10.35%
Karur Vysya Bank,Private Bank,600,Self-employed,10.60%
Karur Vysya Bank,Private Bank,625,Salaried,10.10%
Karur Vysya Bank,Private Bank,625,Self-employed,10.35%
Karur Vysya Bank,Private Bank,675,Salaried,9.60%
Karur Vysya Bank,Private Bank,675,Self-employed,9.85%
Karur Vysya Bank,Private Bank,700,Salaried,9.35%
Karur Vysya Bank,Private Bank,700,Self-employed,9.60%
Karur Vysya Bank,Private Bank,720,Salaried,9.25%
Karur Vysya Bank,Private Bank,720,Self-employed,9.50%
Karur Vysya Bank,Private Bank,750,Salaried,9.05%
Karur Vysya Bank,Private Bank,750,Self-employed,9.30%
Karur Vysya Bank,Private Bank,775,Salaried,8.90%
Karur Vysya Bank,Private Bank,775,Self-employed,9.15%
Karur Vysya Bank,Private Bank,790,Salaried,8.80%
Karur Vysya Bank,Private Bank,790,Self-employed,9.05%
Karur Vysya Bank,Private Bank,815,Salaried,8.75%
Karur Vysya Bank,Private Bank,815,Self-employed,9.00%
Karur Vysya Bank,Private Bank,850,Salaried,8.75%
Karur Vysya Bank,Private Bank,850,Self-employed,9.00%
Karnataka Bank,Private Bank,600,Salaried,12.00%
Karnataka Bank,Private Bank,600,Self-employed,12.50%
Karnataka Bank,Private Bank,625,Salaried,11.50%
Karnataka Bank,Private Bank,625,Self-employed,11.95%
Karnataka Bank,Private Bank,675,Salaried,10.50%
Karnataka Bank,Private Bank,675,Self-employed,10.90%
Karnataka Bank,Private Bank,700,Salaried,10.05%
Karnataka Bank,Private Bank,700,Self-employed,10.40%
Karnataka Bank,Private Bank,720,Salaried,9.75%
Karnataka Bank,Private Bank,720,Self-employed,10.10%
Karnataka Bank,Private Bank,750,Salaried,9.40%
Karnataka Bank,Private Bank,750,Self-employed,9.70%
Karnataka Bank,Private Bank,775,Salaried,9.05%
Karnataka Bank,Private Bank,775,Self-employed,9.35%
Karnataka Bank,Private Bank,790,Salaried,8.90%
Karnataka Bank,Private Bank,790,Self-employed,9.20%
Karnataka Bank,Private Bank,815,Salaried,8.80%
Karnataka Bank,Private Bank,815,Self-employed,9.05%
Karnataka Bank,Private Bank,850,Salaried,8.75%
Karnataka Bank,Private Bank,850,Self-employed,9.00%
City Union Bank,Private Bank,600,Salaried,10.50%
City Union Bank,Private Bank,600,Self-employed,12.00%
City Union Bank,Private Bank,625,Salaried,10.10%
City Union Bank,Private Bank,625,Self-employed,11.35%
City Union Bank,Private Bank,675,Salaried,9.30%
City Union Bank,Private Bank,675,Self-employed,10.15%
City Union Bank,Private Bank,700,Salaried,8.90%
City Union Bank,Private Bank,700,Self-employed,9.50%
City Union Bank,Private Bank,720,Salaried,8.70%
City Union Bank,Private Bank,720,Self-employed,9.20%
City Union Bank,Private Bank,750,Salaried,8.40%
City Union Bank,Private Bank,750,Self-employed,8.70%
City Union Bank,Private Bank,775,Salaried,8.15%
City Union Bank,Private Bank,775,Self-employed,8.30%
City Union Bank,Private Bank,790,Salaried,8.05%
City Union Bank,Private Bank,790,Self-employed,8.10%
City Union Bank,Private Bank,815,Salaried,7.95%
City Union Bank,Private Bank,815,Self-employed,7.95%
City Union Bank,Private Bank,850,Salaried,7.90%
City Union Bank,Private Bank,850,Self-employed,7.90%
DCB Bank,Private Bank,600,Salaried,14.00%
DCB Bank,Private Bank,600,Self-employed,14.50%
DCB Bank,Private Bank,625,Salaried,13.40%
DCB Bank,Private Bank,625,Self-employed,13.90%
DCB Bank,Private Bank,675,Salaried,12.20%
DCB Bank,Private Bank,675,Self-employed,12.70%
DCB Bank,Private Bank,700,Salaried,11.60%
DCB Bank,Private Bank,700,Self-employed,12.10%
DCB Bank,Private Bank,720,Salaried,11.25%
DCB Bank,Private Bank,720,Self-employed,11.75%
DCB Bank,Private Bank,750,Salaried,10.80%
DCB Bank,Private Bank,750,Self-employed,11.30%
DCB Bank,Private Bank,775,Salaried,10.40%
DCB Bank,Private Bank,775,Self-employed,10.90%
DCB Bank,Private Bank,790,Salaried,10.20%
DCB Bank,Private Bank,790,Self-employed,10.70%
DCB Bank,Private Bank,815,Salaried,10.05%
DCB Bank,Private Bank,815,Self-employed,10.55%
DCB Bank,Private Bank,850,Salaried,10.00%
DCB Bank,Private Bank,850,Self-employed,10.50%
Tamilnad Mercantile Bank,Private Bank,600,Salaried,9.80%
Tamilnad Mercantile Bank,Private Bank,600,Self-employed,9.95%
Tamilnad Mercantile Bank,Private Bank,625,Salaried,9.55%
Tamilnad Mercantile Bank,Private Bank,625,Self-employed,9.70%
Tamilnad Mercantile Bank,Private Bank,675,Salaried,9.05%
Tamilnad Mercantile Bank,Private Bank,675,Self-employed,9.20%
Tamilnad Mercantile Bank,Private Bank,700,Salaried,8.80%
Tamilnad Mercantile Bank,Private Bank,700,Self-employed,8.95%
Tamilnad Mercantile Bank,Private Bank,720,Salaried,8.70%
Tamilnad Mercantile Bank,Private Bank,720,Self-employed,8.85%
Tamilnad Mercantile Bank,Private Bank,750,Salaried,8.50%
Tamilnad Mercantile Bank,Private Bank,750,Self-employed,8.65%
Tamilnad Mercantile Bank,Private Bank,775,Salaried,8.35%
Tamilnad Mercantile Bank,Private Bank,775,Self-employed,8.50%
Tamilnad Mercantile Bank,Private Bank,790,Salaried,8.25%
Tamilnad Mercantile Bank,Private Bank,790,Self-employed,8.40%
Tamilnad Mercantile Bank,Private Bank,815,Salaried,8.20%
Tamilnad Mercantile Bank,Private Bank,815,Self-employed,8.35%
Tamilnad Mercantile Bank,Private Bank,850,Salaried,8.20%
Tamilnad Mercantile Bank,Private Bank,850,Self-employed,8.35%
CSB Bank,Private Bank,600,Salaried,14.00%
CSB Bank,Private Bank,600,Self-employed,14.50%
CSB Bank,Private Bank,625,Salaried,13.45%
CSB Bank,Private Bank,625,Self-employed,13.90%
CSB Bank,Private Bank,675,Salaried,12.40%
CSB Bank,Private Bank,675,Self-employed,12.80%
CSB Bank,Private Bank,700,Salaried,11.90%
CSB Bank,Private Bank,700,Self-employed,12.25%
CSB Bank,Private Bank,720,Salaried,11.60%
CSB Bank,Private Bank,720,Self-employed,11.95%
CSB Bank,Private Bank,750,Salaried,11.20%
CSB Bank,Private Bank,750,Self-employed,11.50%
CSB Bank,Private Bank,775,Salaried,10.85%
CSB Bank,Private Bank,775,Self-employed,11.10%
CSB Bank,Private Bank,790,Salaried,10.70%
CSB Bank,Private Bank,790,Self-employed,10.95%
CSB Bank,Private Bank,815,Salaried,10.55%
CSB Bank,Private Bank,815,Self-employed,10.80%
CSB Bank,Private Bank,850,Salaried,10.50%
CSB Bank,Private Bank,850,Self-employed,10.75%
Bandhan Bank,Private Bank,600,Salaried,13.00%
Bandhan Bank,Private Bank,600,Self-employed,13.50%
Bandhan Bank,Private Bank,625,Salaried,12.40%
Bandhan Bank,Private Bank,625,Self-employed,12.90%
Bandhan Bank,Private Bank,675,Salaried,11.20%
Bandhan Bank,Private Bank,675,Self-employed,11.70%
Bandhan Bank,Private Bank,700,Salaried,10.60%
Bandhan Bank,Private Bank,700,Self-employed,11.10%
Bandhan Bank,Private Bank,720,Salaried,10.25%
Bandhan Bank,Private Bank,720,Self-employed,10.75%
Bandhan Bank,Private Bank,750,Salaried,9.80%
Bandhan Bank,Private Bank,750,Self-employed,10.30%
Bandhan Bank,Private Bank,775,Salaried,9.40%
Bandhan Bank,Private Bank,775,Self-employed,9.90%
Bandhan Bank,Private Bank,790,Salaried,9.20%
Bandhan Bank,Private Bank,790,Self-employed,9.70%
Bandhan Bank,Private Bank,815,Salaried,9.05%
Bandhan Bank,Private Bank,815,Self-employed,9.55%
Bandhan Bank,Private Bank,850,Salaried,9.00%
Bandhan Bank,Private Bank,850,Self-employed,9.50%
Dhanlaxmi Bank,Private Bank,600,Salaried,9.80%
Dhanlaxmi Bank,Private Bank,600,Self-employed,9.95%
Dhanlaxmi Bank,Private Bank,625,Salaried,9.55%
Dhanlaxmi Bank,Private Bank,625,Self-employed,9.70%
Dhanlaxmi Bank,Private Bank,675,Salaried,9.05%
Dhanlaxmi Bank,Private Bank,675,Self-employed,9.20%
Dhanlaxmi Bank,Private Bank,700,Salaried,8.80%
Dhanlaxmi Bank,Private Bank,700,Self-employed,8.95%
Dhanlaxmi Bank,Private Bank,720,Salaried,8.70%
Dhanlaxmi Bank,Private Bank,720,Self-employed,8.85%
Dhanlaxmi Bank,Private Bank,750,Salaried,8.50%
Dhanlaxmi Bank,Private Bank,750,Self-employed,8.65%
Dhanlaxmi Bank,Private Bank,775,Salaried,8.35%
Dhanlaxmi Bank,Private Bank,775,Self-employed,8.50%
Dhanlaxmi Bank,Private Bank,790,Salaried,8.25%
Dhanlaxmi Bank,Private Bank,790,Self-employed,8.40%
Dhanlaxmi Bank,Private Bank,815,Salaried,8.20%
Dhanlaxmi Bank,Private Bank,815,Self-employed,8.35%
Dhanlaxmi Bank,Private Bank,850,Salaried,8.20%
Dhanlaxmi Bank,Private Bank,850,Self-employed,8.35%
Jammu & Kashmir Bank,Private Bank,600,Salaried,8.70%
Jammu & Kashmir Bank,Private Bank,600,Self-employed,8.90%
Jammu & Kashmir Bank,Private Bank,625,Salaried,8.45%
Jammu & Kashmir Bank,Private Bank,625,Self-employed,8.65%
Jammu & Kashmir Bank,Private Bank,675,Salaried,8.00%
Jammu & Kashmir Bank,Private Bank,675,Self-employed,8.15%
Jammu & Kashmir Bank,Private Bank,700,Salaried,7.80%
Jammu & Kashmir Bank,Private Bank,700,Self-employed,7.90%
Jammu & Kashmir Bank,Private Bank,720,Salaried,7.70%
Jammu & Kashmir Bank,Private Bank,720,Self-employed,7.75%
Jammu & Kashmir Bank,Private Bank,750,Salaried,7.50%
Jammu & Kashmir Bank,Private Bank,750,Self-employed,7.55%
Jammu & Kashmir Bank,Private Bank,775,Salaried,7.35%
Jammu & Kashmir Bank,Private Bank,775,Self-employed,7.40%
Jammu & Kashmir Bank,Private Bank,790,Salaried,7.30%
Jammu & Kashmir Bank,Private Bank,790,Self-employed,7.30%
Jammu & Kashmir Bank,Private Bank,815,Salaried,7.25%
Jammu & Kashmir Bank,Private Bank,815,Self-employed,7.25%
Jammu & Kashmir Bank,Private Bank,850,Salaried,7.25%
Jammu & Kashmir Bank,Private Bank,850,Self-employed,7.25%
Nainital Bank,Private Bank,600,Salaried,10.50%
Nainital Bank,Private Bank,600,Self-employed,12.00%
Nainital Bank,Private Bank,625,Salaried,10.10%
Nainital Bank,Private Bank,625,Self-employed,11.35%
Nainital Bank,Private Bank,675,Salaried,9.30%
Nainital Bank,Private Bank,675,Self-employed,10.15%
Nainital Bank,Private Bank,700,Salaried,8.90%
Nainital Bank,Private Bank,700,Self-employed,9.50%
Nainital Bank,Private Bank,720,Salaried,8.70%
Nainital Bank,Private Bank,720,Self-employed,9.20%
Nainital Bank,Private Bank,750,Salaried,8.40%
Nainital Bank,Private Bank,750,Self-employed,8.70%
Nainital Bank,Private Bank,775,Salaried,8.15%
Nainital Bank,Private Bank,775,Self-employed,8.30%
Nainital Bank,Private Bank,790,Salaried,8.05%
Nainital Bank,Private Bank,790,Self-employed,8.10%
Nainital Bank,Private Bank,815,Salaried,7.95%
Nainital Bank,Private Bank,815,Self-employed,7.95%
Nainital Bank,Private Bank,850,Salaried,7.90%
Nainital Bank,Private Bank,850,Self-employed,7.90%
Utkarsh Small Finance Bank,Small Finance Bank,600,Salaried,14.00%
Utkarsh Small Finance Bank,Small Finance Bank,600,Self-employed,14.50%
Utkarsh Small Finance Bank,Small Finance Bank,625,Salaried,13.40%
Utkarsh Small Finance Bank,Small Finance Bank,625,Self-employed,13.90%
Utkarsh Small Finance Bank,Small Finance Bank,675,Salaried,12.20%
Utkarsh Small Finance Bank,Small Finance Bank,675,Self-employed,12.70%
Utkarsh Small Finance Bank,Small Finance Bank,700,Salaried,11.60%
Utkarsh Small Finance Bank,Small Finance Bank,700,Self-employed,12.10%
Utkarsh Small Finance Bank,Small Finance Bank,720,Salaried,11.25%
Utkarsh Small Finance Bank,Small Finance Bank,720,Self-employed,11.75%
Utkarsh Small Finance Bank,Small Finance Bank,750,Salaried,10.80%
Utkarsh Small Finance Bank,Small Finance Bank,750,Self-employed,11.30%
Utkarsh Small Finance Bank,Small Finance Bank,775,Salaried,10.40%
Utkarsh Small Finance Bank,Small Finance Bank,775,Self-employed,10.90%
Utkarsh Small Finance Bank,Small Finance Bank,790,Salaried,10.20%
Utkarsh Small Finance Bank,Small Finance Bank,790,Self-employed,10.70%
Utkarsh Small Finance Bank,Small Finance Bank,815,Salaried,10.05%
Utkarsh Small Finance Bank,Small Finance Bank,815,Self-employed,10.55%
Utkarsh Small Finance Bank,Small Finance Bank,850,Salaried,10.00%
Utkarsh Small Finance Bank,Small Finance Bank,850,Self-employed,10.50%
Suryoday Small Finance Bank,Small Finance Bank,600,Salaried,13.50%
Suryoday Small Finance Bank,Small Finance Bank,600,Self-employed,14.00%
Suryoday Small Finance Bank,Small Finance Bank,625,Salaried,12.95%
Suryoday Small Finance Bank,Small Finance Bank,625,Self-employed,13.45%
Suryoday Small Finance Bank,Small Finance Bank,675,Salaried,11.90%
Suryoday Small Finance Bank,Small Finance Bank,675,Self-employed,12.40%
Suryoday Small Finance Bank,Small Finance Bank,700,Salaried,11.40%
Suryoday Small Finance Bank,Small Finance Bank,700,Self-employed,11.90%
Suryoday Small Finance Bank,Small Finance Bank,720,Salaried,11.10%
Suryoday Small Finance Bank,Small Finance Bank,720,Self-employed,11.60%
Suryoday Small Finance Bank,Small Finance Bank,750,Salaried,10.70%
Suryoday Small Finance Bank,Small Finance Bank,750,Self-employed,11.20%
Suryoday Small Finance Bank,Small Finance Bank,775,Salaried,10.35%
Suryoday Small Finance Bank,Small Finance Bank,775,Self-employed,10.85%
Suryoday Small Finance Bank,Small Finance Bank,790,Salaried,10.20%
Suryoday Small Finance Bank,Small Finance Bank,790,Self-employed,10.70%
Suryoday Small Finance Bank,Small Finance Bank,815,Salaried,10.05%
Suryoday Small Finance Bank,Small Finance Bank,815,Self-employed,10.55%
Suryoday Small Finance Bank,Small Finance Bank,850,Salaried,10.00%
Suryoday Small Finance Bank,Small Finance Bank,850,Self-employed,10.50%
Capital Small Finance Bank,Small Finance Bank,600,Salaried,12.00%
Capital Small Finance Bank,Small Finance Bank,600,Self-employed,12.50%
Capital Small Finance Bank,Small Finance Bank,625,Salaried,11.50%
Capital Small Finance Bank,Small Finance Bank,625,Self-employed,11.95%
Capital Small Finance Bank,Small Finance Bank,675,Salaried,10.50%
Capital Small Finance Bank,Small Finance Bank,675,Self-employed,10.90%
Capital Small Finance Bank,Small Finance Bank,700,Salaried,10.05%
Capital Small Finance Bank,Small Finance Bank,700,Self-employed,10.40%
Capital Small Finance Bank,Small Finance Bank,720,Salaried,9.75%
Capital Small Finance Bank,Small Finance Bank,720,Self-employed,10.10%
Capital Small Finance Bank,Small Finance Bank,750,Salaried,9.40%
Capital Small Finance Bank,Small Finance Bank,750,Self-employed,9.70%
Capital Small Finance Bank,Small Finance Bank,775,Salaried,9.05%
Capital Small Finance Bank,Small Finance Bank,775,Self-employed,9.35%
Capital Small Finance Bank,Small Finance Bank,790,Salaried,8.90%
Capital Small Finance Bank,Small Finance Bank,790,Self-employed,9.20%
Capital Small Finance Bank,Small Finance Bank,815,Salaried,8.80%
Capital Small Finance Bank,Small Finance Bank,815,Self-employed,9.05%
Capital Small Finance Bank,Small Finance Bank,850,Salaried,8.75%
Capital Small Finance Bank,Small Finance Bank,850,Self-employed,9.00%
Shivalik Small Finance Bank,Small Finance Bank,600,Salaried,13.00%
Shivalik Small Finance Bank,Small Finance Bank,600,Self-employed,13.50%
Shivalik Small Finance Bank,Small Finance Bank,625,Salaried,12.40%
Shivalik Small Finance Bank,Small Finance Bank,625,Self-employed,12.90%
Shivalik Small Finance Bank,Small Finance Bank,675,Salaried,11.20%
Shivalik Small Finance Bank,Small Finance Bank,675,Self-employed,11.70%
Shivalik Small Finance Bank,Small Finance Bank,700,Salaried,10.60%
Shivalik Small Finance Bank,Small Finance Bank,700,Self-employed,11.10%
Shivalik Small Finance Bank,Small Finance Bank,720,Salaried,10.25%
Shivalik Small Finance Bank,Small Finance Bank,720,Self-employed,10.75%
Shivalik Small Finance Bank,Small Finance Bank,750,Salaried,9.80%
Shivalik Small Finance Bank,Small Finance Bank,750,Self-employed,10.30%
Shivalik Small Finance Bank,Small Finance Bank,775,Salaried,9.40%
Shivalik Small Finance Bank,Small Finance Bank,775,Self-employed,9.90%
Shivalik Small Finance Bank,Small Finance Bank,790,Salaried,9.20%
Shivalik Small Finance Bank,Small Finance Bank,790,Self-employed,9.70%
Shivalik Small Finance Bank,Small Finance Bank,815,Salaried,9.05%
Shivalik Small Finance Bank,Small Finance Bank,815,Self-employed,9.55%
Shivalik Small Finance Bank,Small Finance Bank,850,Salaried,9.00%
Shivalik Small Finance Bank,Small Finance Bank,850,Self-employed,9.50%
ICICI Home Finance,Housing Finance Co.,600,Salaried,13.00%
ICICI Home Finance,Housing Finance Co.,600,Self-employed,13.50%
ICICI Home Finance,Housing Finance Co.,625,Salaried,12.40%
ICICI Home Finance,Housing Finance Co.,625,Self-employed,12.90%
ICICI Home Finance,Housing Finance Co.,675,Salaried,11.20%
ICICI Home Finance,Housing Finance Co.,675,Self-employed,11.70%
ICICI Home Finance,Housing Finance Co.,700,Salaried,10.60%
ICICI Home Finance,Housing Finance Co.,700,Self-employed,11.10%
ICICI Home Finance,Housing Finance Co.,720,Salaried,10.25%
ICICI Home Finance,Housing Finance Co.,720,Self-employed,10.75%
ICICI Home Finance,Housing Finance Co.,750,Salaried,9.80%
ICICI Home Finance,Housing Finance Co.,750,Self-employed,10.30%
ICICI Home Finance,Housing Finance Co.,775,Salaried,9.40%
ICICI Home Finance,Housing Finance Co.,775,Self-employed,9.90%
ICICI Home Finance,Housing Finance Co.,790,Salaried,9.20%
ICICI Home Finance,Housing Finance Co.,790,Self-employed,9.70%
ICICI Home Finance,Housing Finance Co.,815,Salaried,9.05%
ICICI Home Finance,Housing Finance Co.,815,Self-employed,9.55%
ICICI Home Finance,Housing Finance Co.,850,Salaried,9.00%
ICICI Home Finance,Housing Finance Co.,850,Self-employed,9.50%
Repco Home Finance,Housing Finance Co.,600,Salaried,13.00%
Repco Home Finance,Housing Finance Co.,600,Self-employed,13.50%
Repco Home Finance,Housing Finance Co.,625,Salaried,12.40%
Repco Home Finance,Housing Finance Co.,625,Self-employed,12.90%
Repco Home Finance,Housing Finance Co.,675,Salaried,11.20%
Repco Home Finance,Housing Finance Co.,675,Self-employed,11.70%
Repco Home Finance,Housing Finance Co.,700,Salaried,10.60%
Repco Home Finance,Housing Finance Co.,700,Self-employed,11.10%
Repco Home Finance,Housing Finance Co.,720,Salaried,10.25%
Repco Home Finance,Housing Finance Co.,720,Self-employed,10.75%
Repco Home Finance,Housing Finance Co.,750,Salaried,9.80%
Repco Home Finance,Housing Finance Co.,750,Self-employed,10.30%
Repco Home Finance,Housing Finance Co.,775,Salaried,9.40%
Repco Home Finance,Housing Finance Co.,775,Self-employed,9.90%
Repco Home Finance,Housing Finance Co.,790,Salaried,9.20%
Repco Home Finance,Housing Finance Co.,790,Self-employed,9.70%
Repco Home Finance,Housing Finance Co.,815,Salaried,9.05%
Repco Home Finance,Housing Finance Co.,815,Self-employed,9.55%
Repco Home Finance,Housing Finance Co.,850,Salaried,9.00%
Repco Home Finance,Housing Finance Co.,850,Self-employed,9.50%
GIC Housing Finance,Housing Finance Co.,600,Salaried,10.50%
GIC Housing Finance,Housing Finance Co.,600,Self-employed,12.00%
GIC Housing Finance,Housing Finance Co.,625,Salaried,10.10%
GIC Housing Finance,Housing Finance Co.,625,Self-employed,11.35%
GIC Housing Finance,Housing Finance Co.,675,Salaried,9.30%
GIC Housing Finance,Housing Finance Co.,675,Self-employed,10.15%
GIC Housing Finance,Housing Finance Co.,700,Salaried,8.90%
GIC Housing Finance,Housing Finance Co.,700,Self-employed,9.50%
GIC Housing Finance,Housing Finance Co.,720,Salaried,8.70%
GIC Housing Finance,Housing Finance Co.,720,Self-employed,9.20%
GIC Housing Finance,Housing Finance Co.,750,Salaried,8.40%
GIC Housing Finance,Housing Finance Co.,750,Self-employed,8.70%
GIC Housing Finance,Housing Finance Co.,775,Salaried,8.15%
GIC Housing Finance,Housing Finance Co.,775,Self-employed,8.30%
GIC Housing Finance,Housing Finance Co.,790,Salaried,8.05%
GIC Housing Finance,Housing Finance Co.,790,Self-employed,8.10%
GIC Housing Finance,Housing Finance Co.,815,Salaried,7.95%
GIC Housing Finance,Housing Finance Co.,815,Self-employed,7.95%
GIC Housing Finance,Housing Finance Co.,850,Salaried,7.90%
GIC Housing Finance,Housing Finance Co.,850,Self-employed,7.90%
Can Fin Homes,Housing Finance Co.,600,Salaried,13.00%
Can Fin Homes,Housing Finance Co.,600,Self-employed,13.50%
Can Fin Homes,Housing Finance Co.,625,Salaried,12.40%
Can Fin Homes,Housing Finance Co.,625,Self-employed,12.90%
Can Fin Homes,Housing Finance Co.,675,Salaried,11.20%
Can Fin Homes,Housing Finance Co.,675,Self-employed,11.70%
Can Fin Homes,Housing Finance Co.,700,Salaried,10.60%
Can Fin Homes,Housing Finance Co.,700,Self-employed,11.10%
Can Fin Homes,Housing Finance Co.,720,Salaried,10.25%
Can Fin Homes,Housing Finance Co.,720,Self-employed,10.75%
Can Fin Homes,Housing Finance Co.,750,Salaried,9.80%
Can Fin Homes,Housing Finance Co.,750,Self-employed,10.30%
Can Fin Homes,Housing Finance Co.,775,Salaried,9.40%
Can Fin Homes,Housing Finance Co.,775,Self-employed,9.90%
Can Fin Homes,Housing Finance Co.,790,Salaried,9.20%
Can Fin Homes,Housing Finance Co.,790,Self-employed,9.70%
Can Fin Homes,Housing Finance Co.,815,Salaried,9.05%
Can Fin Homes,Housing Finance Co.,815,Self-employed,9.55%
Can Fin Homes,Housing Finance Co.,850,Salaried,9.00%
Can Fin Homes,Housing Finance Co.,850,Self-employed,9.50%
India Shelter Finance,Housing Finance Co.,600,Salaried,15.00%
India Shelter Finance,Housing Finance Co.,600,Self-employed,15.50%
India Shelter Finance,Housing Finance Co.,625,Salaried,14.40%
India Shelter Finance,Housing Finance Co.,625,Self-employed,14.90%
India Shelter Finance,Housing Finance Co.,675,Salaried,13.20%
India Shelter Finance,Housing Finance Co.,675,Self-employed,13.70%
India Shelter Finance,Housing Finance Co.,700,Salaried,12.60%
India Shelter Finance,Housing Finance Co.,700,Self-employed,13.10%
India Shelter Finance,Housing Finance Co.,720,Salaried,12.25%
India Shelter Finance,Housing Finance Co.,720,Self-employed,12.75%
India Shelter Finance,Housing Finance Co.,750,Salaried,11.80%
India Shelter Finance,Housing Finance Co.,750,Self-employed,12.30%
India Shelter Finance,Housing Finance Co.,775,Salaried,11.40%
India Shelter Finance,Housing Finance Co.,775,Self-employed,11.90%
India Shelter Finance,Housing Finance Co.,790,Salaried,11.20%
India Shelter Finance,Housing Finance Co.,790,Self-employed,11.70%
India Shelter Finance,Housing Finance Co.,815,Salaried,11.05%
India Shelter Finance,Housing Finance Co.,815,Self-employed,11.55%
India Shelter Finance,Housing Finance Co.,850,Salaried,11.00%
India Shelter Finance,Housing Finance Co.,850,Self-employed,11.50%
Motilal Oswal Home Finance,Housing Finance Co.,600,Salaried,14.00%
Motilal Oswal Home Finance,Housing Finance Co.,600,Self-employed,14.50%
Motilal Oswal Home Finance,Housing Finance Co.,625,Salaried,13.40%
Motilal Oswal Home Finance,Housing Finance Co.,625,Self-employed,13.90%
Motilal Oswal Home Finance,Housing Finance Co.,675,Salaried,12.20%
Motilal Oswal Home Finance,Housing Finance Co.,675,Self-employed,12.70%
Motilal Oswal Home Finance,Housing Finance Co.,700,Salaried,11.60%
Motilal Oswal Home Finance,Housing Finance Co.,700,Self-employed,12.10%
Motilal Oswal Home Finance,Housing Finance Co.,720,Salaried,11.25%
Motilal Oswal Home Finance,Housing Finance Co.,720,Self-employed,11.75%
Motilal Oswal Home Finance,Housing Finance Co.,750,Salaried,10.80%
Motilal Oswal Home Finance,Housing Finance Co.,750,Self-employed,11.30%
Motilal Oswal Home Finance,Housing Finance Co.,775,Salaried,10.40%
Motilal Oswal Home Finance,Housing Finance Co.,775,Self-employed,10.90%
Motilal Oswal Home Finance,Housing Finance Co.,790,Salaried,10.20%
Motilal Oswal Home Finance,Housing Finance Co.,790,Self-employed,10.70%
Motilal Oswal Home Finance,Housing Finance Co.,815,Salaried,10.05%
Motilal Oswal Home Finance,Housing Finance Co.,815,Self-employed,10.55%
Motilal Oswal Home Finance,Housing Finance Co.,850,Salaried,10.00%
Motilal Oswal Home Finance,Housing Finance Co.,850,Self-employed,10.50%
Godrej Housing Finance,Housing Finance Co.,600,Salaried,10.50%
Godrej Housing Finance,Housing Finance Co.,600,Self-employed,12.00%
Godrej Housing Finance,Housing Finance Co.,625,Salaried,10.10%
Godrej Housing Finance,Housing Finance Co.,625,Self-employed,11.35%
Godrej Housing Finance,Housing Finance Co.,675,Salaried,9.30%
Godrej Housing Finance,Housing Finance Co.,675,Self-employed,10.15%
Godrej Housing Finance,Housing Finance Co.,700,Salaried,8.90%
Godrej Housing Finance,Housing Finance Co.,700,Self-employed,9.50%
Godrej Housing Finance,Housing Finance Co.,720,Salaried,8.70%
Godrej Housing Finance,Housing Finance Co.,720,Self-employed,9.20%
Godrej Housing Finance,Housing Finance Co.,750,Salaried,8.40%
Godrej Housing Finance,Housing Finance Co.,750,Self-employed,8.70%
Godrej Housing Finance,Housing Finance Co.,775,Salaried,8.15%
Godrej Housing Finance,Housing Finance Co.,775,Self-employed,8.30%
Godrej Housing Finance,Housing Finance Co.,790,Salaried,8.05%
Godrej Housing Finance,Housing Finance Co.,790,Self-employed,8.10%
Godrej Housing Finance,Housing Finance Co.,815,Salaried,7.95%
Godrej Housing Finance,Housing Finance Co.,815,Self-employed,7.95%
Godrej Housing Finance,Housing Finance Co.,850,Salaried,7.90%
Godrej Housing Finance,Housing Finance Co.,850,Self-employed,7.90%
Piramal Capital & Housing Finance,Housing Finance Co.,600,Salaried,14.00%
Piramal Capital & Housing Finance,Housing Finance Co.,600,Self-employed,14.50%
Piramal Capital & Housing Finance,Housing Finance Co.,625,Salaried,13.40%
Piramal Capital & Housing Finance,Housing Finance Co.,625,Self-employed,13.90%
Piramal Capital & Housing Finance,Housing Finance Co.,675,Salaried,12.20%
Piramal Capital & Housing Finance,Housing Finance Co.,675,Self-employed,12.70%
Piramal Capital & Housing Finance,Housing Finance Co.,700,Salaried,11.60%
Piramal Capital & Housing Finance,Housing Finance Co.,700,Self-employed,12.10%
Piramal Capital & Housing Finance,Housing Finance Co.,720,Salaried,11.25%
Piramal Capital & Housing Finance,Housing Finance Co.,720,Self-employed,11.75%
Piramal Capital & Housing Finance,Housing Finance Co.,750,Salaried,10.80%
Piramal Capital & Housing Finance,Housing Finance Co.,750,Self-employed,11.30%
Piramal Capital & Housing Finance,Housing Finance Co.,775,Salaried,10.40%
Piramal Capital & Housing Finance,Housing Finance Co.,775,Self-employed,10.90%
Piramal Capital & Housing Finance,Housing Finance Co.,790,Salaried,10.20%
Piramal Capital & Housing Finance,Housing Finance Co.,790,Self-employed,10.70%
Piramal Capital & Housing Finance,Housing Finance Co.,815,Salaried,10.05%
Piramal Capital & Housing Finance,Housing Finance Co.,815,Self-employed,10.55%
Piramal Capital & Housing Finance,Housing Finance Co.,850,Salaried,10.00%
Piramal Capital & Housing Finance,Housing Finance Co.,850,Self-employed,10.50%
IIFL Home Finance,Housing Finance Co.,600,Salaried,13.00%
IIFL Home Finance,Housing Finance Co.,600,Self-employed,13.50%
IIFL Home Finance,Housing Finance Co.,625,Salaried,12.40%
IIFL Home Finance,Housing Finance Co.,625,Self-employed,12.90%
IIFL Home Finance,Housing Finance Co.,675,Salaried,11.20%
IIFL Home Finance,Housing Finance Co.,675,Self-employed,11.70%
IIFL Home Finance,Housing Finance Co.,700,Salaried,10.60%
IIFL Home Finance,Housing Finance Co.,700,Self-employed,11.10%
IIFL Home Finance,Housing Finance Co.,720,Salaried,10.25%
IIFL Home Finance,Housing Finance Co.,720,Self-employed,10.75%
IIFL Home Finance,Housing Finance Co.,750,Salaried,9.80%
IIFL Home Finance,Housing Finance Co.,750,Self-employed,10.30%
IIFL Home Finance,Housing Finance Co.,775,Salaried,9.40%
IIFL Home Finance,Housing Finance Co.,775,Self-employed,9.90%
IIFL Home Finance,Housing Finance Co.,790,Salaried,9.20%
IIFL Home Finance,Housing Finance Co.,790,Self-employed,9.70%
IIFL Home Finance,Housing Finance Co.,815,Salaried,9.05%
IIFL Home Finance,Housing Finance Co.,815,Self-employed,9.55%
IIFL Home Finance,Housing Finance Co.,850,Salaried,9.00%
IIFL Home Finance,Housing Finance Co.,850,Self-employed,9.50%
L&T Finance,Housing Finance Co.,600,Salaried,10.50%
L&T Finance,Housing Finance Co.,600,Self-employed,12.00%
L&T Finance,Housing Finance Co.,625,Salaried,10.10%
L&T Finance,Housing Finance Co.,625,Self-employed,11.35%
L&T Finance,Housing Finance Co.,675,Salaried,9.30%
L&T Finance,Housing Finance Co.,675,Self-employed,10.15%
L&T Finance,Housing Finance Co.,700,Salaried,8.90%
L&T Finance,Housing Finance Co.,700,Self-employed,9.50%
L&T Finance,Housing Finance Co.,720,Salaried,8.70%
L&T Finance,Housing Finance Co.,720,Self-employed,9.20%
L&T Finance,Housing Finance Co.,750,Salaried,8.40%
L&T Finance,Housing Finance Co.,750,Self-employed,8.70%
L&T Finance,Housing Finance Co.,775,Salaried,8.15%
L&T Finance,Housing Finance Co.,775,Self-employed,8.30%
L&T Finance,Housing Finance Co.,790,Salaried,8.05%
L&T Finance,Housing Finance Co.,790,Self-employed,8.10%
L&T Finance,Housing Finance Co.,815,Salaried,7.95%
L&T Finance,Housing Finance Co.,815,Self-employed,7.95%
L&T Finance,Housing Finance Co.,850,Salaried,7.90%
L&T Finance,Housing Finance Co.,850,Self-employed,7.90%
Sundaram Home Finance,Housing Finance Co.,600,Salaried,12.00%
Sundaram Home Finance,Housing Finance Co.,600,Self-employed,12.50%
Sundaram Home Finance,Housing Finance Co.,625,Salaried,11.50%
Sundaram Home Finance,Housing Finance Co.,625,Self-employed,11.95%
Sundaram Home Finance,Housing Finance Co.,675,Salaried,10.50%
Sundaram Home Finance,Housing Finance Co.,675,Self-employed,10.90%
Sundaram Home Finance,Housing Finance Co.,700,Salaried,10.05%
Sundaram Home Finance,Housing Finance Co.,700,Self-employed,10.40%
Sundaram Home Finance,Housing Finance Co.,720,Salaried,9.75%
Sundaram Home Finance,Housing Finance Co.,720,Self-employed,10.10%
Sundaram Home Finance,Housing Finance Co.,750,Salaried,9.40%
Sundaram Home Finance,Housing Finance Co.,750,Self-employed,9.70%
Sundaram Home Finance,Housing Finance Co.,775,Salaried,9.05%
Sundaram Home Finance,Housing Finance Co.,775,Self-employed,9.35%
Sundaram Home Finance,Housing Finance Co.,790,Salaried,8.90%
Sundaram Home Finance,Housing Finance Co.,790,Self-employed,9.20%
Sundaram Home Finance,Housing Finance Co.,815,Salaried,8.80%
Sundaram Home Finance,Housing Finance Co.,815,Self-employed,9.05%
Sundaram Home Finance,Housing Finance Co.,850,Salaried,8.75%
Sundaram Home Finance,Housing Finance Co.,850,Self-employed,9.00%
Cent Bank Home Finance,Housing Finance Co.,600,Salaried,13.50%
Cent Bank Home Finance,Housing Finance Co.,600,Self-employed,14.00%
Cent Bank Home Finance,Housing Finance Co.,625,Salaried,12.95%
Cent Bank Home Finance,Housing Finance Co.,625,Self-employed,13.45%
Cent Bank Home Finance,Housing Finance Co.,675,Salaried,11.90%
Cent Bank Home Finance,Housing Finance Co.,675,Self-employed,12.40%
Cent Bank Home Finance,Housing Finance Co.,700,Salaried,11.40%
Cent Bank Home Finance,Housing Finance Co.,700,Self-employed,11.90%
Cent Bank Home Finance,Housing Finance Co.,720,Salaried,11.10%
Cent Bank Home Finance,Housing Finance Co.,720,Self-employed,11.60%
Cent Bank Home Finance,Housing Finance Co.,750,Salaried,10.70%
Cent Bank Home Finance,Housing Finance Co.,750,Self-employed,11.20%
Cent Bank Home Finance,Housing Finance Co.,775,Salaried,10.35%
Cent Bank Home Finance,Housing Finance Co.,775,Self-employed,10.85%
Cent Bank Home Finance,Housing Finance Co.,790,Salaried,10.20%
Cent Bank Home Finance,Housing Finance Co.,790,Self-employed,10.70%
Cent Bank Home Finance,Housing Finance Co.,815,Salaried,10.05%
Cent Bank Home Finance,Housing Finance Co.,815,Self-employed,10.55%
Cent Bank Home Finance,Housing Finance Co.,850,Salaried,10.00%
Cent Bank Home Finance,Housing Finance Co.,850,Self-employed,10.50%
Poonawalla Fincorp,Housing Finance Co.,600,Salaried,13.00%
Poonawalla Fincorp,Housing Finance Co.,600,Self-employed,13.50%
Poonawalla Fincorp,Housing Finance Co.,625,Salaried,12.40%
Poonawalla Fincorp,Housing Finance Co.,625,Self-employed,12.90%
Poonawalla Fincorp,Housing Finance Co.,675,Salaried,11.20%
Poonawalla Fincorp,Housing Finance Co.,675,Self-employed,11.70%
Poonawalla Fincorp,Housing Finance Co.,700,Salaried,10.60%
Poonawalla Fincorp,Housing Finance Co.,700,Self-employed,11.10%
Poonawalla Fincorp,Housing Finance Co.,720,Salaried,10.25%
Poonawalla Fincorp,Housing Finance Co.,720,Self-employed,10.75%
Poonawalla Fincorp,Housing Finance Co.,750,Salaried,9.80%
Poonawalla Fincorp,Housing Finance Co.,750,Self-employed,10.30%
Poonawalla Fincorp,Housing Finance Co.,775,Salaried,9.40%
Poonawalla Fincorp,Housing Finance Co.,775,Self-employed,9.90%
Poonawalla Fincorp,Housing Finance Co.,790,Salaried,9.20%
Poonawalla Fincorp,Housing Finance Co.,790,Self-employed,9.70%
Poonawalla Fincorp,Housing Finance Co.,815,Salaried,9.05%
Poonawalla Fincorp,Housing Finance Co.,815,Self-employed,9.55%
Poonawalla Fincorp,Housing Finance Co.,850,Salaried,9.00%
Poonawalla Fincorp,Housing Finance Co.,850,Self-employed,9.50%
Edelweiss Housing Finance,Housing Finance Co.,600,Salaried,13.00%
Edelweiss Housing Finance,Housing Finance Co.,600,Self-employed,13.50%
Edelweiss Housing Finance,Housing Finance Co.,625,Salaried,12.40%
Edelweiss Housing Finance,Housing Finance Co.,625,Self-employed,12.90%
Edelweiss Housing Finance,Housing Finance Co.,675,Salaried,11.20%
Edelweiss Housing Finance,Housing Finance Co.,675,Self-employed,11.70%
Edelweiss Housing Finance,Housing Finance Co.,700,Salaried,10.60%
Edelweiss Housing Finance,Housing Finance Co.,700,Self-employed,11.10%
Edelweiss Housing Finance,Housing Finance Co.,720,Salaried,10.25%
Edelweiss Housing Finance,Housing Finance Co.,720,Self-employed,10.75%
Edelweiss Housing Finance,Housing Finance Co.,750,Salaried,9.80%
Edelweiss Housing Finance,Housing Finance Co.,750,Self-employed,10.30%
Edelweiss Housing Finance,Housing Finance Co.,775,Salaried,9.40%
Edelweiss Housing Finance,Housing Finance Co.,775,Self-employed,9.90%
Edelweiss Housing Finance,Housing Finance Co.,790,Salaried,9.20%
Edelweiss Housing Finance,Housing Finance Co.,790,Self-employed,9.70%
Edelweiss Housing Finance,Housing Finance Co.,815,Salaried,9.05%
Edelweiss Housing Finance,Housing Finance Co.,815,Self-employed,9.55%
Edelweiss Housing Finance,Housing Finance Co.,850,Salaried,9.00%
Edelweiss Housing Finance,Housing Finance Co.,850,Self-employed,9.50%
Altum Credo Home Finance,Housing Finance Co.,600,Salaried,16.00%
Altum Credo Home Finance,Housing Finance Co.,600,Self-employed,17.00%
Altum Credo Home Finance,Housing Finance Co.,625,Salaried,15.40%
Altum Credo Home Finance,Housing Finance Co.,625,Self-employed,16.30%
Altum Credo Home Finance,Housing Finance Co.,675,Salaried,14.20%
Altum Credo Home Finance,Housing Finance Co.,675,Self-employed,14.95%
Altum Credo Home Finance,Housing Finance Co.,700,Salaried,13.60%
Altum Credo Home Finance,Housing Finance Co.,700,Self-employed,14.30%
Altum Credo Home Finance,Housing Finance Co.,720,Salaried,13.25%
Altum Credo Home Finance,Housing Finance Co.,720,Self-employed,13.90%
Altum Credo Home Finance,Housing Finance Co.,750,Salaried,12.80%
Altum Credo Home Finance,Housing Finance Co.,750,Self-employed,13.40%
Altum Credo Home Finance,Housing Finance Co.,775,Salaried,12.40%
Altum Credo Home Finance,Housing Finance Co.,775,Self-employed,12.95%
Altum Credo Home Finance,Housing Finance Co.,790,Salaried,12.20%
Altum Credo Home Finance,Housing Finance Co.,790,Self-employed,12.75%
Altum Credo Home Finance,Housing Finance Co.,815,Salaried,12.05%
Altum Credo Home Finance,Housing Finance Co.,815,Self-employed,12.55%
Altum Credo Home Finance,Housing Finance Co.,850,Salaried,12.00%
Altum Credo Home Finance,Housing Finance Co.,850,Self-employed,12.50%
Bajaj Finance,Housing Finance Co.,600,Salaried,10.00%
Bajaj Finance,Housing Finance Co.,600,Self-employed,11.00%
Bajaj Finance,Housing Finance Co.,625,Salaried,9.55%
Bajaj Finance,Housing Finance Co.,625,Self-employed,10.45%
Bajaj Finance,Housing Finance Co.,675,Salaried,8.75%
Bajaj Finance,Housing Finance Co.,675,Self-employed,9.35%
Bajaj Finance,Housing Finance Co.,700,Salaried,8.35%
Bajaj Finance,Housing Finance Co.,700,Self-employed,8.80%
Bajaj Finance,Housing Finance Co.,720,Salaried,8.10%
Bajaj Finance,Housing Finance Co.,720,Self-employed,8.50%
Bajaj Finance,Housing Finance Co.,750,Salaried,7.80%
Bajaj Finance,Housing Finance Co.,750,Self-employed,8.05%
Bajaj Finance,Housing Finance Co.,775,Salaried,7.50%
Bajaj Finance,Housing Finance Co.,775,Self-employed,7.70%
Bajaj Finance,Housing Finance Co.,790,Salaried,7.40%
Bajaj Finance,Housing Finance Co.,790,Self-employed,7.55%
Bajaj Finance,Housing Finance Co.,815,Salaried,7.30%
Bajaj Finance,Housing Finance Co.,815,Self-employed,7.40%
Bajaj Finance,Housing Finance Co.,850,Salaried,7.25%
Bajaj Finance,Housing Finance Co.,850,Self-employed,7.35%
Aditya Birla Housing Finance,Housing Finance Co.,600,Salaried,13.00%
Aditya Birla Housing Finance,Housing Finance Co.,600,Self-employed,13.50%
Aditya Birla Housing Finance,Housing Finance Co.,625,Salaried,12.40%
Aditya Birla Housing Finance,Housing Finance Co.,625,Self-employed,12.90%
Aditya Birla Housing Finance,Housing Finance Co.,675,Salaried,11.20%
Aditya Birla Housing Finance,Housing Finance Co.,675,Self-employed,11.70%
Aditya Birla Housing Finance,Housing Finance Co.,700,Salaried,10.60%
Aditya Birla Housing Finance,Housing Finance Co.,700,Self-employed,11.10%
Aditya Birla Housing Finance,Housing Finance Co.,720,Salaried,10.25%
Aditya Birla Housing Finance,Housing Finance Co.,720,Self-employed,10.75%
Aditya Birla Housing Finance,Housing Finance Co.,750,Salaried,9.80%
Aditya Birla Housing Finance,Housing Finance Co.,750,Self-employed,10.30%
Aditya Birla Housing Finance,Housing Finance Co.,775,Salaried,9.40%
Aditya Birla Housing Finance,Housing Finance Co.,775,Self-employed,9.90%
Aditya Birla Housing Finance,Housing Finance Co.,790,Salaried,9.20%
Aditya Birla Housing Finance,Housing Finance Co.,790,Self-employed,9.70%
Aditya Birla Housing Finance,Housing Finance Co.,815,Salaried,9.05%
Aditya Birla Housing Finance,Housing Finance Co.,815,Self-employed,9.55%
Aditya Birla Housing Finance,Housing Finance Co.,850,Salaried,9.00%
Aditya Birla Housing Finance,Housing Finance Co.,850,Self-employed,9.50%
Hero Housing Finance,Housing Finance Co.,600,Salaried,14.00%
Hero Housing Finance,Housing Finance Co.,600,Self-employed,14.50%
Hero Housing Finance,Housing Finance Co.,625,Salaried,13.40%
Hero Housing Finance,Housing Finance Co.,625,Self-employed,13.90%
Hero Housing Finance,Housing Finance Co.,675,Salaried,12.20%
Hero Housing Finance,Housing Finance Co.,675,Self-employed,12.70%
Hero Housing Finance,Housing Finance Co.,700,Salaried,11.60%
Hero Housing Finance,Housing Finance Co.,700,Self-employed,12.10%
Hero Housing Finance,Housing Finance Co.,720,Salaried,11.25%
Hero Housing Finance,Housing Finance Co.,720,Self-employed,11.75%
Hero Housing Finance,Housing Finance Co.,750,Salaried,10.80%
Hero Housing Finance,Housing Finance Co.,750,Self-employed,11.30%
Hero Housing Finance,Housing Finance Co.,775,Salaried,10.40%
Hero Housing Finance,Housing Finance Co.,775,Self-employed,10.90%
Hero Housing Finance,Housing Finance Co.,790,Salaried,10.20%
Hero Housing Finance,Housing Finance Co.,790,Self-employed,10.70%
Hero Housing Finance,Housing Finance Co.,815,Salaried,10.05%
Hero Housing Finance,Housing Finance Co.,815,Self-employed,10.55%
Hero Housing Finance,Housing Finance Co.,850,Salaried,10.00%
Hero Housing Finance,Housing Finance Co.,850,Self-employed,10.50%
SMFG India Credit,Housing Finance Co.,600,Salaried,14.00%
SMFG India Credit,Housing Finance Co.,600,Self-employed,14.50%
SMFG India Credit,Housing Finance Co.,625,Salaried,13.40%
SMFG India Credit,Housing Finance Co.,625,Self-employed,13.90%
SMFG India Credit,Housing Finance Co.,675,Salaried,12.20%
SMFG India Credit,Housing Finance Co.,675,Self-employed,12.70%
SMFG India Credit,Housing Finance Co.,700,Salaried,11.60%
SMFG India Credit,Housing Finance Co.,700,Self-employed,12.10%
SMFG India Credit,Housing Finance Co.,720,Salaried,11.25%
SMFG India Credit,Housing Finance Co.,720,Self-employed,11.75%
SMFG India Credit,Housing Finance Co.,750,Salaried,10.80%
SMFG India Credit,Housing Finance Co.,750,Self-employed,11.30%
SMFG India Credit,Housing Finance Co.,775,Salaried,10.40%
SMFG India Credit,Housing Finance Co.,775,Self-employed,10.90%
SMFG India Credit,Housing Finance Co.,790,Salaried,10.20%
SMFG India Credit,Housing Finance Co.,790,Self-employed,10.70%
SMFG India Credit,Housing Finance Co.,815,Salaried,10.05%
SMFG India Credit,Housing Finance Co.,815,Self-employed,10.55%
SMFG India Credit,Housing Finance Co.,850,Salaried,10.00%
SMFG India Credit,Housing Finance Co.,850,Self-employed,10.50%
Nido Home Finance,Housing Finance Co.,600,Salaried,13.00%
Nido Home Finance,Housing Finance Co.,600,Self-employed,13.50%
Nido Home Finance,Housing Finance Co.,625,Salaried,12.40%
Nido Home Finance,Housing Finance Co.,625,Self-employed,12.90%
Nido Home Finance,Housing Finance Co.,675,Salaried,11.20%
Nido Home Finance,Housing Finance Co.,675,Self-employed,11.70%
Nido Home Finance,Housing Finance Co.,700,Salaried,10.60%
Nido Home Finance,Housing Finance Co.,700,Self-employed,11.10%
Nido Home Finance,Housing Finance Co.,720,Salaried,10.25%
Nido Home Finance,Housing Finance Co.,720,Self-employed,10.75%
Nido Home Finance,Housing Finance Co.,750,Salaried,9.80%
Nido Home Finance,Housing Finance Co.,750,Self-employed,10.30%
Nido Home Finance,Housing Finance Co.,775,Salaried,9.40%
Nido Home Finance,Housing Finance Co.,775,Self-employed,9.90%
Nido Home Finance,Housing Finance Co.,790,Salaried,9.20%
Nido Home Finance,Housing Finance Co.,790,Self-employed,9.70%
Nido Home Finance,Housing Finance Co.,815,Salaried,9.05%
Nido Home Finance,Housing Finance Co.,815,Self-employed,9.55%
Nido Home Finance,Housing Finance Co.,850,Salaried,9.00%
Nido Home Finance,Housing Finance Co.,850,Self-employed,9.50%
Easy Home Finance,Housing Finance Co.,600,Salaried,13.00%
Easy Home Finance,Housing Finance Co.,600,Self-employed,13.50%
Easy Home Finance,Housing Finance Co.,625,Salaried,12.40%
Easy Home Finance,Housing Finance Co.,625,Self-employed,12.90%
Easy Home Finance,Housing Finance Co.,675,Salaried,11.20%
Easy Home Finance,Housing Finance Co.,675,Self-employed,11.70%
Easy Home Finance,Housing Finance Co.,700,Salaried,10.60%
Easy Home Finance,Housing Finance Co.,700,Self-employed,11.10%
Easy Home Finance,Housing Finance Co.,720,Salaried,10.25%
Easy Home Finance,Housing Finance Co.,720,Self-employed,10.75%
Easy Home Finance,Housing Finance Co.,750,Salaried,9.80%
Easy Home Finance,Housing Finance Co.,750,Self-employed,10.30%
Easy Home Finance,Housing Finance Co.,775,Salaried,9.40%
Easy Home Finance,Housing Finance Co.,775,Self-employed,9.90%
Easy Home Finance,Housing Finance Co.,790,Salaried,9.20%
Easy Home Finance,Housing Finance Co.,790,Self-employed,9.70%
Easy Home Finance,Housing Finance Co.,815,Salaried,9.05%
Easy Home Finance,Housing Finance Co.,815,Self-employed,9.55%
Easy Home Finance,Housing Finance Co.,850,Salaried,9.00%
Easy Home Finance,Housing Finance Co.,850,Self-employed,9.50%
Svatantra Micro Housing Finance,Housing Finance Co.,600,Salaried,16.00%
Svatantra Micro Housing Finance,Housing Finance Co.,600,Self-employed,17.00%
Svatantra Micro Housing Finance,Housing Finance Co.,625,Salaried,15.40%
Svatantra Micro Housing Finance,Housing Finance Co.,625,Self-employed,16.30%
Svatantra Micro Housing Finance,Housing Finance Co.,675,Salaried,14.20%
Svatantra Micro Housing Finance,Housing Finance Co.,675,Self-employed,14.95%
Svatantra Micro Housing Finance,Housing Finance Co.,700,Salaried,13.60%
Svatantra Micro Housing Finance,Housing Finance Co.,700,Self-employed,14.30%
Svatantra Micro Housing Finance,Housing Finance Co.,720,Salaried,13.25%
Svatantra Micro Housing Finance,Housing Finance Co.,720,Self-employed,13.90%
Svatantra Micro Housing Finance,Housing Finance Co.,750,Salaried,12.80%
Svatantra Micro Housing Finance,Housing Finance Co.,750,Self-employed,13.40%
Svatantra Micro Housing Finance,Housing Finance Co.,775,Salaried,12.40%
Svatantra Micro Housing Finance,Housing Finance Co.,775,Self-employed,12.95%
Svatantra Micro Housing Finance,Housing Finance Co.,790,Salaried,12.20%
Svatantra Micro Housing Finance,Housing Finance Co.,790,Self-employed,12.75%
Svatantra Micro Housing Finance,Housing Finance Co.,815,Salaried,12.05%
Svatantra Micro Housing Finance,Housing Finance Co.,815,Self-employed,12.55%
Svatantra Micro Housing Finance,Housing Finance Co.,850,Salaried,12.00%
Svatantra Micro Housing Finance,Housing Finance Co.,850,Self-employed,12.50%
Centrum Housing Finance,Housing Finance Co.,600,Salaried,15.00%
Centrum Housing Finance,Housing Finance Co.,600,Self-employed,15.50%
Centrum Housing Finance,Housing Finance Co.,625,Salaried,14.40%
Centrum Housing Finance,Housing Finance Co.,625,Self-employed,14.90%
Centrum Housing Finance,Housing Finance Co.,675,Salaried,13.20%
Centrum Housing Finance,Housing Finance Co.,675,Self-employed,13.70%
Centrum Housing Finance,Housing Finance Co.,700,Salaried,12.60%
Centrum Housing Finance,Housing Finance Co.,700,Self-employed,13.10%
Centrum Housing Finance,Housing Finance Co.,720,Salaried,12.25%
Centrum Housing Finance,Housing Finance Co.,720,Self-employed,12.75%
Centrum Housing Finance,Housing Finance Co.,750,Salaried,11.80%
Centrum Housing Finance,Housing Finance Co.,750,Self-employed,12.30%
Centrum Housing Finance,Housing Finance Co.,775,Salaried,11.40%
Centrum Housing Finance,Housing Finance Co.,775,Self-employed,11.90%
Centrum Housing Finance,Housing Finance Co.,790,Salaried,11.20%
Centrum Housing Finance,Housing Finance Co.,790,Self-employed,11.70%
Centrum Housing Finance,Housing Finance Co.,815,Salaried,11.05%
Centrum Housing Finance,Housing Finance Co.,815,Self-employed,11.55%
Centrum Housing Finance,Housing Finance Co.,850,Salaried,11.00%
Centrum Housing Finance,Housing Finance Co.,850,Self-employed,11.50%
