institution,employment_type,base_cibil_score,cibil_score_used,cibil_band_shown,current_rate,better_lender_1,better_rate_1,better_lender_2,better_rate_2,better_lender_3,better_rate_3
SBI,Salaried,600,600,CIBIL 600–649,8.70%,Bank of Baroda,9.10%,Central Bank of India,9.15%,Bank of India,10.00%
SBI,Self-employed,600,600,CIBIL 600–649,8.90%,Bank of Baroda,9.20%,Central Bank of India,9.30%,Bank of India,10.25%
SBI,Salaried,625,622,CIBIL 600–649,8.55%,Bank of Baroda,8.95%,Central Bank of India,8.95%,Bank of India,9.75%
SBI,Self-employed,625,622,CIBIL 600–649,8.75%,Bank of Baroda,9.00%,Central Bank of India,9.10%,Bank of India,10.00%
SBI,Salaried,675,677,CIBIL below 700,8.30%,Bank of Baroda,8.55%,Central Bank of India,8.55%,Bank of India,9.20%
SBI,Self-employed,675,677,CIBIL below 700,8.45%,Bank of Baroda,8.65%,Central Bank of India,8.70%,Bank of India,9.40%
SBI,Salaried,725,737,CIBIL 700–749,7.85%,Central Bank of India,7.95%,Bank of Baroda,8.00%,Bank of India,8.30%
SBI,Self-employed,725,737,CIBIL 700–749,7.95%,Central Bank of India,8.00%,Bank of Baroda,8.05%,Bank of India,8.40%
SBI,Salaried,775,778,CIBIL 750–799,7.45%,Central Bank of India,7.35%,Bank of Baroda,7.45%,Bank of India,7.50%
SBI,Self-employed,775,778,CIBIL 750–799,7.45%,Central Bank of India,7.40%,Bank of Baroda,7.45%,Bank of India,7.50%
SBI,Salaried,825,839,CIBIL 800+,7.25%,Bank of India,7.10%,Central Bank of India,7.10%,Canara Bank,7.15%
SBI,Self-employed,825,839,CIBIL 800+,7.25%,Bank of India,7.10%,Central Bank of India,7.10%,Canara Bank,7.15%
SBI,Salaried,790,790,CIBIL 750–799,7.35%,Central Bank of India,7.25%,Bank of Baroda,7.35%,Bank of India,7.35%
SBI,Self-employed,790,790,CIBIL 750–799,7.35%,Central Bank of India,7.25%,Bank of Baroda,7.35%,Bank of India,7.35%
SBI,Salaried,850,850,CIBIL 800+,7.25%,Bank of India,7.10%,Central Bank of India,7.10%,Canara Bank,7.15%
SBI,Self-employed,850,850,CIBIL 800+,7.25%,Bank of India,7.10%,Central Bank of India,7.10%,Canara Bank,7.15%
Bank of India,Salaried,600,600,CIBIL 600–649,10.00%,SBI,8.70%,Bank of Baroda,9.10%,Central Bank of India,9.15%
Bank of India,Self-employed,600,600,CIBIL 600–649,10.25%,SBI,8.90%,Bank of Baroda,9.20%,Central Bank of India,9.30%
Bank of India,Salaried,625,622,CIBIL 600–649,9.75%,SBI,8.55%,Bank of Baroda,8.95%,Central Bank of India,8.95%
Bank of India,Self-employed,625,622,CIBIL 600–649,10.00%,SBI,8.75%,Bank of Baroda,9.00%,Central Bank of India,9.10%
Bank of India,Salaried,675,677,CIBIL below 700,9.20%,SBI,8.30%,Bank of Baroda,8.55%,Central Bank of India,8.55%
Bank of India,Self-employed,675,677,CIBIL below 700,9.40%,SBI,8.45%,Bank of Baroda,8.65%,Central Bank of India,8.70%
Bank of India,Salaried,725,737,CIBIL 700–749,8.30%,SBI,7.85%,Central Bank of India,7.95%,Bank of Baroda,8.00%
Bank of India,Self-employed,725,737,CIBIL 700–749,8.40%,SBI,7.95%,Central Bank of India,8.00%,Bank of Baroda,8.05%
Bank of India,Salaried,775,778,CIBIL 750–799,7.50%,Central Bank of India,7.35%,Bank of Baroda,7.45%,SBI,7.45%
Bank of India,Self-employed,775,778,CIBIL 750–799,7.50%,Central Bank of India,7.40%,Bank of Baroda,7.45%,SBI,7.45%
Bank of India,Salaried,825,839,CIBIL 800+,7.10%,Central Bank of India,7.10%,Canara Bank,7.15%,Union Bank of India,7.15%
Bank of India,Self-employed,825,839,CIBIL 800+,7.10%,Central Bank of India,7.10%,Canara Bank,7.15%,Union Bank of India,7.15%
Bank of India,Salaried,790,790,CIBIL 750–799,7.35%,Central Bank of India,7.25%,Bank of Baroda,7.35%,SBI,7.35%
Bank of India,Self-employed,790,790,CIBIL 750–799,7.35%,Central Bank of India,7.25%,Bank of Baroda,7.35%,SBI,7.35%
Bank of India,Salaried,850,850,CIBIL 800+,7.10%,Central Bank of India,7.10%,Canara Bank,7.15%,Union Bank of India,7.15%
Bank of India,Self-employed,850,850,CIBIL 800+,7.10%,Central Bank of India,7.10%,Canara Bank,7.15%,Union Bank of India,7.15%
Bank of Baroda,Salaried,600,600,CIBIL 600–649,9.10%,SBI,8.70%,Central Bank of India,9.15%,Bank of India,10.00%
Bank of Baroda,Self-employed,600,600,CIBIL 600–649,9.20%,SBI,8.90%,Central Bank of India,9.30%,Bank of India,10.25%
Bank of Baroda,Salaried,625,622,CIBIL 600–649,8.95%,SBI,8.55%,Central Bank of India,8.95%,Bank of India,9.75%
Bank of Baroda,Self-employed,625,622,CIBIL 600–649,9.00%,SBI,8.75%,Central Bank of India,9.10%,Bank of India,10.00%
Bank of Baroda,Salaried,675,677,CIBIL below 700,8.55%,SBI,8.30%,Central Bank of India,8.55%,Bank of India,9.20%
Bank of Baroda,Self-employed,675,677,CIBIL below 700,8.65%,SBI,8.45%,Central Bank of India,8.70%,Bank of India,9.40%
Bank of Baroda,Salaried,725,737,CIBIL 700–749,8.00%,SBI,7.85%,Central Bank of India,7.95%,Bank of India,8.30%
Bank of Baroda,Self-employed,725,737,CIBIL 700–749,8.05%,SBI,7.95%,Central Bank of India,8.00%,Bank of India,8.40%
Bank of Baroda,Salaried,775,778,CIBIL 750–799,7.45%,Central Bank of India,7.35%,SBI,7.45%,Bank of India,7.50%
Bank of Baroda,Self-employed,775,778,CIBIL 750–799,7.45%,Central Bank of India,7.40%,SBI,7.45%,Bank of India,7.50%
Bank of Baroda,Salaried,825,839,CIBIL 800+,7.20%,Bank of India,7.10%,Central Bank of India,7.10%,Canara Bank,7.15%
Bank of Baroda,Self-employed,825,839,CIBIL 800+,7.20%,Bank of India,7.10%,Central Bank of India,7.10%,Canara Bank,7.15%
Bank of Baroda,Salaried,790,790,CIBIL 750–799,7.35%,Central Bank of India,7.25%,Bank of India,7.35%,SBI,7.35%
Bank of Baroda,Self-employed,790,790,CIBIL 750–799,7.35%,Central Bank of India,7.25%,Bank of India,7.35%,SBI,7.35%
Bank of Baroda,Salaried,850,850,CIBIL 800+,7.20%,Bank of India,7.10%,Central Bank of India,7.10%,Canara Bank,7.15%
Bank of Baroda,Self-employed,850,850,CIBIL 800+,7.20%,Bank of India,7.10%,Central Bank of India,7.10%,Canara Bank,7.15%
Canara Bank,Salaried,600,600,CIBIL 600–649,10.00%,SBI,8.70%,Bank of Baroda,9.10%,Central Bank of India,9.15%
Canara Bank,Self-employed,600,600,CIBIL 600–649,10.25%,SBI,8.90%,Bank of Baroda,9.20%,Central Bank of India,9.30%
Canara Bank,Salaried,625,622,CIBIL 600–649,9.75%,SBI,8.55%,Bank of Baroda,8.95%,Central Bank of India,8.95%
Canara Bank,Self-employed,625,622,CIBIL 600–649,10.00%,SBI,8.75%,Bank of Baroda,9.00%,Central Bank of India,9.10%
Canara Bank,Salaried,675,677,CIBIL below 700,9.20%,SBI,8.30%,Bank of Baroda,8.55%,Central Bank of India,8.55%
Canara Bank,Self-employed,675,677,CIBIL below 700,9.40%,SBI,8.45%,Bank of Baroda,8.65%,Central Bank of India,8.70%
Canara Bank,Salaried,725,737,CIBIL 700–749,8.35%,SBI,7.85%,Central Bank of India,7.95%,Bank of Baroda,8.00%
Canara Bank,Self-employed,725,737,CIBIL 700–749,8.45%,SBI,7.95%,Central Bank of India,8.00%,Bank of Baroda,8.05%
Canara Bank,Salaried,775,778,CIBIL 750–799,7.50%,Central Bank of India,7.35%,Bank of Baroda,7.45%,SBI,7.45%
Canara Bank,Self-employed,775,778,CIBIL 750–799,7.55%,Central Bank of India,7.40%,Bank of Baroda,7.45%,SBI,7.45%
Canara Bank,Salaried,825,839,CIBIL 800+,7.15%,Bank of India,7.10%,Central Bank of India,7.10%,Union Bank of India,7.15%
Canara Bank,Self-employed,825,839,CIBIL 800+,7.15%,Bank of India,7.10%,Central Bank of India,7.10%,Union Bank of India,7.15%
Canara Bank,Salaried,790,790,CIBIL 750–799,7.40%,Central Bank of India,7.25%,Bank of Baroda,7.35%,Bank of India,7.35%
Canara Bank,Self-employed,790,790,CIBIL 750–799,7.40%,Central Bank of India,7.25%,Bank of Baroda,7.35%,Bank of India,7.35%
Canara Bank,Salaried,850,850,CIBIL 800+,7.15%,Bank of India,7.10%,Central Bank of India,7.10%,Union Bank of India,7.15%
Canara Bank,Self-employed,850,850,CIBIL 800+,7.15%,Bank of India,7.10%,Central Bank of India,7.10%,Union Bank of India,7.15%
Union Bank of India,Salaried,600,600,CIBIL 600–649,10.00%,SBI,8.70%,Bank of Baroda,9.10%,Central Bank of India,9.15%
Union Bank of India,Self-employed,600,600,CIBIL 600–649,10.25%,SBI,8.90%,Bank of Baroda,9.20%,Central Bank of India,9.30%
Union Bank of India,Salaried,625,622,CIBIL 600–649,9.75%,SBI,8.55%,Bank of Baroda,8.95%,Central Bank of India,8.95%
Union Bank of India,Self-employed,625,622,CIBIL 600–649,10.00%,SBI,8.75%,Bank of Baroda,9.00%,Central Bank of India,9.10%
Union Bank of India,Salaried,675,677,CIBIL below 700,9.20%,SBI,8.30%,Bank of Baroda,8.55%,Central Bank of India,8.55%
Union Bank of India,Self-employed,675,677,CIBIL below 700,9.40%,SBI,8.45%,Bank of Baroda,8.65%,Central Bank of India,8.70%
Union Bank of India,Salaried,725,737,CIBIL 700–749,8.35%,SBI,7.85%,Central Bank of India,7.95%,Bank of Baroda,8.00%
Union Bank of India,Self-employed,725,737,CIBIL 700–749,8.45%,SBI,7.95%,Central Bank of India,8.00%,Bank of Baroda,8.05%
Union Bank of India,Salaried,775,778,CIBIL 750–799,7.50%,Central Bank of India,7.35%,Bank of Baroda,7.45%,SBI,7.45%
Union Bank of India,Self-employed,775,778,CIBIL 750–799,7.55%,Central Bank of India,7.40%,Bank of Baroda,7.45%,SBI,7.45%
Union Bank of India,Salaried,825,839,CIBIL 800+,7.15%,Bank of India,7.10%,Central Bank of India,7.10%,Canara Bank,7.15%
Union Bank of India,Self-employed,825,839,CIBIL 800+,7.15%,Bank of India,7.10%,Central Bank of India,7.10%,Canara Bank,7.15%
Union Bank of India,Salaried,790,790,CIBIL 750–799,7.40%,Central Bank of India,7.25%,Bank of Baroda,7.35%,Bank of India,7.35%
Union Bank of India,Self-employed,790,790,CIBIL 750–799,7.40%,Central Bank of India,7.25%,Bank of Baroda,7.35%,Bank of India,7.35%
Union Bank of India,Salaried,850,850,CIBIL 800+,7.15%,Bank of India,7.10%,Central Bank of India,7.10%,Canara Bank,7.15%
Union Bank of India,Self-employed,850,850,CIBIL 800+,7.15%,Bank of India,7.10%,Central Bank of India,7.10%,Canara Bank,7.15%
Central Bank of India,Salaried,600,600,CIBIL 600–649,9.15%,SBI,8.70%,Bank of Baroda,9.10%,Bank of India,10.00%
Central Bank of India,Self-employed,600,600,CIBIL 600–649,9.30%,SBI,8.90%,Bank of Baroda,9.20%,Bank of India,10.25%
Central Bank of India,Salaried,625,622,CIBIL 600–649,8.95%,SBI,8.55%,Bank of Baroda,8.95%,Bank of India,9.75%
Central Bank of India,Self-employed,625,622,CIBIL 600–649,9.10%,SBI,8.75%,Bank of Baroda,9.00%,Bank of India,10.00%
Central Bank of India,Salaried,675,677,CIBIL below 700,8.55%,SBI,8.30%,Bank of Baroda,8.55%,Bank of India,9.20%
Central Bank of India,Self-employed,675,677,CIBIL below 700,8.70%,SBI,8.45%,Bank of Baroda,8.65%,Bank of India,9.40%
Central Bank of India,Salaried,725,737,CIBIL 700–749,7.95%,SBI,7.85%,Bank of Baroda,8.00%,Bank of India,8.30%
Central Bank of India,Self-employed,725,737,CIBIL 700–749,8.00%,SBI,7.95%,Bank of Baroda,8.05%,Bank of India,8.40%
Central Bank of India,Salaried,775,778,CIBIL 750–799,7.35%,Bank of Baroda,7.45%,SBI,7.45%,Bank of India,7.50%
Central Bank of India,Self-employed,775,778,CIBIL 750–799,7.40%,Bank of Baroda,7.45%,SBI,7.45%,Bank of India,7.50%
Central Bank of India,Salaried,825,839,CIBIL 800+,7.10%,Bank of India,7.10%,Canara Bank,7.15%,Union Bank of India,7.15%
Central Bank of India,Self-employed,825,839,CIBIL 800+,7.10%,Bank of India,7.10%,Canara Bank,7.15%,Union Bank of India,7.15%
Central Bank of India,Salaried,790,790,CIBIL 750–799,7.25%,Bank of Baroda,7.35%,Bank of India,7.35%,SBI,7.35%
Central Bank of India,Self-employed,790,790,CIBIL 750–799,7.25%,Bank of Baroda,7.35%,Bank of India,7.35%,SBI,7.35%
Central Bank of India,Salaried,850,850,CIBIL 800+,7.10%,Bank of India,7.10%,Canara Bank,7.15%,Union Bank of India,7.15%
Central Bank of India,Self-employed,850,850,CIBIL 800+,7.10%,Bank of India,7.10%,Canara Bank,7.15%,Union Bank of India,7.15%
ICICI Bank,Salaried,600,600,CIBIL 600–649,9.05%,SBI,8.70%,HDFC Bank,8.75%,Axis Bank,8.90%
ICICI Bank,Self-employed,600,600,CIBIL 600–649,9.20%,HDFC Bank,8.90%,SBI,8.90%,Axis Bank,9.05%
ICICI Bank,Salaried,625,622,CIBIL 600–649,8.90%,SBI,8.55%,HDFC Bank,8.60%,Axis Bank,8.75%
ICICI Bank,Self-employed,625,622,CIBIL 600–649,9.05%,HDFC Bank,8.75%,SBI,8.75%,Axis Bank,8.90%
ICICI Bank,Salaried,675,677,CIBIL below 700,8.60%,HDFC Bank,8.30%,SBI,8.30%,Axis Bank,8.45%
ICICI Bank,Self-employed,675,677,CIBIL below 700,8.75%,HDFC Bank,8.45%,SBI,8.45%,Axis Bank,8.60%
ICICI Bank,Salaried,725,737,CIBIL 700–749,8.10%,HDFC Bank,7.80%,SBI,7.85%,Axis Bank,7.95%
ICICI Bank,Self-employed,725,737,CIBIL 700–749,8.25%,HDFC Bank,7.95%,SBI,7.95%,Axis Bank,8.10%
ICICI Bank,Salaried,775,778,CIBIL 750–799,7.65%,Central Bank of India,7.35%,HDFC Bank,7.35%,Axis Bank,7.50%
ICICI Bank,Self-employed,775,778,CIBIL 750–799,7.80%,Central Bank of India,7.40%,HDFC Bank,7.50%,Axis Bank,7.65%
ICICI Bank,Salaried,825,839,CIBIL 800+,7.45%,Bank of India,7.10%,HDFC Bank,7.15%,Axis Bank,7.30%
ICICI Bank,Self-employed,825,839,CIBIL 800+,7.60%,Bank of India,7.10%,HDFC Bank,7.30%,Axis Bank,7.45%
ICICI Bank,Salaried,790,790,CIBIL 750–799,7.55%,Central Bank of India,7.25%,HDFC Bank,7.25%,Axis Bank,7.40%
ICICI Bank,Self-employed,790,790,CIBIL 750–799,7.70%,Central Bank of India,7.25%,HDFC Bank,7.40%,Axis Bank,7.55%
ICICI Bank,Salaried,850,850,CIBIL 800+,7.45%,Bank of India,7.10%,HDFC Bank,7.15%,Axis Bank,7.30%
ICICI Bank,Self-employed,850,850,CIBIL 800+,7.60%,Bank of India,7.10%,HDFC Bank,7.30%,Axis Bank,7.45%
HDFC Bank,Salaried,600,600,CIBIL 600–649,8.75%,SBI,8.70%,Axis Bank,8.90%,ICICI Bank,9.05%
HDFC Bank,Self-employed,600,600,CIBIL 600–649,8.90%,SBI,8.90%,Axis Bank,9.05%,ICICI Bank,9.20%
HDFC Bank,Salaried,625,622,CIBIL 600–649,8.60%,SBI,8.55%,Axis Bank,8.75%,ICICI Bank,8.90%
HDFC Bank,Self-employed,625,622,CIBIL 600–649,8.75%,SBI,8.75%,Axis Bank,8.90%,ICICI Bank,9.05%
HDFC Bank,Salaried,675,677,CIBIL below 700,8.30%,SBI,8.30%,Axis Bank,8.45%,ICICI Bank,8.60%
HDFC Bank,Self-employed,675,677,CIBIL below 700,8.45%,SBI,8.45%,Axis Bank,8.60%,ICICI Bank,8.75%
HDFC Bank,Salaried,725,737,CIBIL 700–749,7.80%,SBI,7.85%,Axis Bank,7.95%,ICICI Bank,8.10%
HDFC Bank,Self-employed,725,737,CIBIL 700–749,7.95%,SBI,7.95%,Axis Bank,8.10%,ICICI Bank,8.25%
HDFC Bank,Salaried,775,778,CIBIL 750–799,7.35%,Central Bank of India,7.35%,Axis Bank,7.50%,ICICI Bank,7.65%
HDFC Bank,Self-employed,775,778,CIBIL 750–799,7.50%,Central Bank of India,7.40%,Axis Bank,7.65%,ICICI Bank,7.80%
HDFC Bank,Salaried,825,839,CIBIL 800+,7.15%,Bank of India,7.10%,Axis Bank,7.30%,ICICI Bank,7.45%
HDFC Bank,Self-employed,825,839,CIBIL 800+,7.30%,Bank of India,7.10%,Axis Bank,7.45%,ICICI Bank,7.60%
HDFC Bank,Salaried,790,790,CIBIL 750–799,7.25%,Central Bank of India,7.25%,Axis Bank,7.40%,ICICI Bank,7.55%
HDFC Bank,Self-employed,790,790,CIBIL 750–799,7.40%,Central Bank of India,7.25%,Axis Bank,7.55%,ICICI Bank,7.70%
HDFC Bank,Salaried,850,850,CIBIL 800+,7.15%,Bank of India,7.10%,Axis Bank,7.30%,ICICI Bank,7.45%
HDFC Bank,Self-employed,850,850,CIBIL 800+,7.30%,Bank of India,7.10%,Axis Bank,7.45%,ICICI Bank,7.60%
Axis Bank,Salaried,600,600,CIBIL 600–649,8.90%,SBI,8.70%,HDFC Bank,8.75%,ICICI Bank,9.05%
Axis Bank,Self-employed,600,600,CIBIL 600–649,9.05%,HDFC Bank,8.90%,SBI,8.90%,ICICI Bank,9.20%
Axis Bank,Salaried,625,622,CIBIL 600–649,8.75%,SBI,8.55%,HDFC Bank,8.60%,ICICI Bank,8.90%
Axis Bank,Self-employed,625,622,CIBIL 600–649,8.90%,HDFC Bank,8.75%,SBI,8.75%,ICICI Bank,9.05%
Axis Bank,Salaried,675,677,CIBIL below 700,8.45%,HDFC Bank,8.30%,SBI,8.30%,ICICI Bank,8.60%
Axis Bank,Self-employed,675,677,CIBIL below 700,8.60%,HDFC Bank,8.45%,SBI,8.45%,ICICI Bank,8.75%
Axis Bank,Salaried,725,737,CIBIL 700–749,7.95%,HDFC Bank,7.80%,SBI,7.85%,ICICI Bank,8.10%
Axis Bank,Self-employed,725,737,CIBIL 700–749,8.10%,HDFC Bank,7.95%,SBI,7.95%,ICICI Bank,8.25%
Axis Bank,Salaried,775,778,CIBIL 750–799,7.50%,Central Bank of India,7.35%,HDFC Bank,7.35%,ICICI Bank,7.65%
Axis Bank,Self-employed,775,778,CIBIL 750–799,7.65%,Central Bank of India,7.40%,HDFC Bank,7.50%,ICICI Bank,7.80%
Axis Bank,Salaried,825,839,CIBIL 800+,7.30%,Bank of India,7.10%,HDFC Bank,7.15%,ICICI Bank,7.45%
Axis Bank,Self-employed,825,839,CIBIL 800+,7.45%,Bank of India,7.10%,HDFC Bank,7.30%,ICICI Bank,7.60%
Axis Bank,Salaried,790,790,CIBIL 750–799,7.40%,Central Bank of India,7.25%,HDFC Bank,7.25%,ICICI Bank,7.55%
Axis Bank,Self-employed,790,790,CIBIL 750–799,7.55%,Central Bank of India,7.25%,HDFC Bank,7.40%,ICICI Bank,7.70%
Axis Bank,Salaried,850,850,CIBIL 800+,7.30%,Bank of India,7.10%,HDFC Bank,7.15%,ICICI Bank,7.45%
Axis Bank,Self-employed,850,850,CIBIL 800+,7.45%,Bank of India,7.10%,HDFC Bank,7.30%,ICICI Bank,7.60%
Kotak Mahindra Bank,Salaried,600,600,CIBIL 600–649,9.25%,SBI,8.70%,HDFC Bank,8.75%,Axis Bank,8.90%
Kotak Mahindra Bank,Self-employed,600,600,CIBIL 600–649,9.50%,HDFC Bank,8.90%,SBI,8.90%,Axis Bank,9.05%
Kotak Mahindra Bank,Salaried,625,622,CIBIL 600–649,9.10%,SBI,8.55%,HDFC Bank,8.60%,Axis Bank,8.75%
Kotak Mahindra Bank,Self-employed,625,622,CIBIL 600–649,9.35%,HDFC Bank,8.75%,SBI,8.75%,Axis Bank,8.90%
Kotak Mahindra Bank,Salaried,675,677,CIBIL below 700,8.80%,HDFC Bank,8.30%,SBI,8.30%,Axis Bank,8.45%
Kotak Mahindra Bank,Self-employed,675,677,CIBIL below 700,8.95%,HDFC Bank,8.45%,SBI,8.45%,Axis Bank,8.60%
Kotak Mahindra Bank,Salaried,725,737,CIBIL 700–749,8.30%,HDFC Bank,7.80%,SBI,7.85%,Axis Bank,7.95%
Kotak Mahindra Bank,Self-employed,725,737,CIBIL 700–749,8.40%,HDFC Bank,7.95%,SBI,7.95%,Axis Bank,8.10%
Kotak Mahindra Bank,Salaried,775,778,CIBIL 750–799,7.80%,Central Bank of India,7.35%,HDFC Bank,7.35%,Axis Bank,7.50%
Kotak Mahindra Bank,Self-employed,775,778,CIBIL 750–799,7.85%,Central Bank of India,7.40%,HDFC Bank,7.50%,Axis Bank,7.65%
Kotak Mahindra Bank,Salaried,825,839,CIBIL 800+,7.60%,Bank of India,7.10%,HDFC Bank,7.15%,Axis Bank,7.30%
Kotak Mahindra Bank,Self-employed,825,839,CIBIL 800+,7.60%,Bank of India,7.10%,HDFC Bank,7.30%,Axis Bank,7.45%
Kotak Mahindra Bank,Salaried,790,790,CIBIL 750–799,7.70%,Central Bank of India,7.25%,HDFC Bank,7.25%,Axis Bank,7.40%
Kotak Mahindra Bank,Self-employed,790,790,CIBIL 750–799,7.75%,Central Bank of India,7.25%,HDFC Bank,7.40%,Axis Bank,7.55%
Kotak Mahindra Bank,Salaried,850,850,CIBIL 800+,7.60%,Bank of India,7.10%,HDFC Bank,7.15%,Axis Bank,7.30%
Kotak Mahindra Bank,Self-employed,850,850,CIBIL 800+,7.60%,Bank of India,7.10%,HDFC Bank,7.30%,Axis Bank,7.45%
IDFC First Bank,Salaried,600,600,CIBIL 600–649,10.00%,SBI,8.70%,HDFC Bank,8.75%,Axis Bank,8.90%
IDFC First Bank,Self-employed,600,600,CIBIL 600–649,10.25%,HDFC Bank,8.90%,SBI,8.90%,Axis Bank,9.05%
IDFC First Bank,Salaried,625,622,CIBIL 600–649,9.80%,SBI,8.55%,HDFC Bank,8.60%,Axis Bank,8.75%
IDFC First Bank,Self-employed,625,622,CIBIL 600–649,10.05%,HDFC Bank,8.75%,SBI,8.75%,Axis Bank,8.90%
IDFC First Bank,Salaried,675,677,CIBIL below 700,9.35%,HDFC Bank,8.30%,SBI,8.30%,Axis Bank,8.45%
IDFC First Bank,Self-employed,675,677,CIBIL below 700,9.60%,HDFC Bank,8.45%,SBI,8.45%,Axis Bank,8.60%
IDFC First Bank,Salaried,725,737,CIBIL 700–749,8.70%,HDFC Bank,7.80%,SBI,7.85%,Axis Bank,7.95%
IDFC First Bank,Self-employed,725,737,CIBIL 700–749,8.90%,HDFC Bank,7.95%,SBI,7.95%,Axis Bank,8.10%
IDFC First Bank,Salaried,775,778,CIBIL 750–799,8.05%,Central Bank of India,7.35%,HDFC Bank,7.35%,Axis Bank,7.50%
IDFC First Bank,Self-employed,775,778,CIBIL 750–799,8.20%,Central Bank of India,7.40%,HDFC Bank,7.50%,Axis Bank,7.65%
IDFC First Bank,Salaried,825,839,CIBIL 800+,7.75%,Bank of India,7.10%,HDFC Bank,7.15%,Axis Bank,7.30%
IDFC First Bank,Self-employed,825,839,CIBIL 800+,7.90%,Bank of India,7.10%,HDFC Bank,7.30%,Axis Bank,7.45%
IDFC First Bank,Salaried,790,790,CIBIL 750–799,7.95%,Central Bank of India,7.25%,HDFC Bank,7.25%,Axis Bank,7.40%
IDFC First Bank,Self-employed,790,790,CIBIL 750–799,8.10%,Central Bank of India,7.25%,HDFC Bank,7.40%,Axis Bank,7.55%
IDFC First Bank,Salaried,850,850,CIBIL 800+,7.75%,Bank of India,7.10%,HDFC Bank,7.15%,Axis Bank,7.30%
IDFC First Bank,Self-employed,850,850,CIBIL 800+,7.90%,Bank of India,7.10%,HDFC Bank,7.30%,Axis Bank,7.45%
Yes Bank,Salaried,600,600,CIBIL 600–649,10.60%,SBI,8.70%,HDFC Bank,8.75%,Axis Bank,8.90%
Yes Bank,Self-employed,600,600,CIBIL 600–649,10.75%,HDFC Bank,8.90%,SBI,8.90%,Axis Bank,9.05%
Yes Bank,Salaried,625,622,CIBIL 600–649,10.45%,SBI,8.55%,HDFC Bank,8.60%,Axis Bank,8.75%
Yes Bank,Self-employed,625,622,CIBIL 600–649,10.60%,HDFC Bank,8.75%,SBI,8.75%,Axis Bank,8.90%
Yes Bank,Salaried,675,677,CIBIL below 700,10.15%,HDFC Bank,8.30%,SBI,8.30%,Axis Bank,8.45%
Yes Bank,Self-employed,675,677,CIBIL below 700,10.30%,HDFC Bank,8.45%,SBI,8.45%,Axis Bank,8.60%
Yes Bank,Salaried,725,737,CIBIL 700–749,9.65%,HDFC Bank,7.80%,SBI,7.85%,Axis Bank,7.95%
Yes Bank,Self-employed,725,737,CIBIL 700–749,9.80%,HDFC Bank,7.95%,SBI,7.95%,Axis Bank,8.10%
Yes Bank,Salaried,775,778,CIBIL 750–799,9.20%,Central Bank of India,7.35%,HDFC Bank,7.35%,Axis Bank,7.50%
Yes Bank,Self-employed,775,778,CIBIL 750–799,9.35%,Central Bank of India,7.40%,HDFC Bank,7.50%,Axis Bank,7.65%
Yes Bank,Salaried,825,839,CIBIL 800+,9.00%,Bank of India,7.10%,HDFC Bank,7.15%,Axis Bank,7.30%
Yes Bank,Self-employed,825,839,CIBIL 800+,9.15%,Bank of India,7.10%,HDFC Bank,7.30%,Axis Bank,7.45%
Yes Bank,Salaried,790,790,CIBIL 750–799,9.10%,Central Bank of India,7.25%,HDFC Bank,7.25%,Axis Bank,7.40%
Yes Bank,Self-employed,790,790,CIBIL 750–799,9.25%,Central Bank of India,7.25%,HDFC Bank,7.40%,Axis Bank,7.55%
Yes Bank,Salaried,850,850,CIBIL 800+,9.00%,Bank of India,7.10%,HDFC Bank,7.15%,Axis Bank,7.30%
Yes Bank,Self-employed,850,850,CIBIL 800+,9.15%,Bank of India,7.10%,HDFC Bank,7.30%,Axis Bank,7.45%
RBL Bank,Salaried,600,600,CIBIL 600–649,9.80%,SBI,8.70%,HDFC Bank,8.75%,Axis Bank,8.90%
RBL Bank,Self-employed,600,600,CIBIL 600–649,9.95%,HDFC Bank,8.90%,SBI,8.90%,Axis Bank,9.05%
RBL Bank,Salaried,625,622,CIBIL 600–649,9.65%,SBI,8.55%,HDFC Bank,8.60%,Axis Bank,8.75%
RBL Bank,Self-employed,625,622,CIBIL 600–649,9.80%,HDFC Bank,8.75%,SBI,8.75%,Axis Bank,8.90%
RBL Bank,Salaried,675,677,CIBIL below 700,9.35%,HDFC Bank,8.30%,SBI,8.30%,Axis Bank,8.45%
RBL Bank,Self-employed,675,677,CIBIL below 700,9.50%,HDFC Bank,8.45%,SBI,8.45%,Axis Bank,8.60%
RBL Bank,Salaried,725,737,CIBIL 700–749,8.85%,HDFC Bank,7.80%,SBI,7.85%,Axis Bank,7.95%
RBL Bank,Self-employed,725,737,CIBIL 700–749,9.00%,HDFC Bank,7.95%,SBI,7.95%,Axis Bank,8.10%
RBL Bank,Salaried,775,778,CIBIL 750–799,8.40%,Central Bank of India,7.35%,HDFC Bank,7.35%,Axis Bank,7.50%
RBL Bank,Self-employed,775,778,CIBIL 750–799,8.55%,Central Bank of India,7.40%,HDFC Bank,7.50%,Axis Bank,7.65%
RBL Bank,Salaried,825,839,CIBIL 800+,8.20%,Bank of India,7.10%,HDFC Bank,7.15%,Axis Bank,7.30%
RBL Bank,Self-employed,825,839,CIBIL 800+,8.35%,Bank of India,7.10%,HDFC Bank,7.30%,Axis Bank,7.45%
RBL Bank,Salaried,790,790,CIBIL 750–799,8.30%,Central Bank of India,7.25%,HDFC Bank,7.25%,Axis Bank,7.40%
RBL Bank,Self-employed,790,790,CIBIL 750–799,8.45%,Central Bank of India,7.25%,HDFC Bank,7.40%,Axis Bank,7.55%
RBL Bank,Salaried,850,850,CIBIL 800+,8.20%,Bank of India,7.10%,HDFC Bank,7.15%,Axis Bank,7.30%
RBL Bank,Self-employed,850,850,CIBIL 800+,8.35%,Bank of India,7.10%,HDFC Bank,7.30%,Axis Bank,7.45%
AU Small Finance Bank,Salaried,600,600,CIBIL 600–649,9.85%,HDFC Bank,8.75%,Ujjivan SFB,10.35%,Equitas SFB,10.60%
AU Small Finance Bank,Self-employed,600,600,CIBIL 600–649,10.10%,HDFC Bank,8.90%,Ujjivan SFB,10.60%,Equitas SFB,10.85%
AU Small Finance Bank,Salaried,625,622,CIBIL 600–649,9.70%,HDFC Bank,8.60%,Ujjivan SFB,10.20%,Equitas SFB,10.45%
AU Small Finance Bank,Self-employed,625,622,CIBIL 600–649,9.95%,HDFC Bank,8.75%,Ujjivan SFB,10.45%,Equitas SFB,10.70%
AU Small Finance Bank,Salaried,675,677,CIBIL below 700,9.40%,HDFC Bank,8.30%,Ujjivan SFB,9.90%,Equitas SFB,10.15%
AU Small Finance Bank,Self-employed,675,677,CIBIL below 700,9.65%,HDFC Bank,8.45%,Ujjivan SFB,10.15%,Equitas SFB,10.40%
AU Small Finance Bank,Salaried,725,737,CIBIL 700–749,8.90%,HDFC Bank,7.80%,Ujjivan SFB,9.40%,Equitas SFB,9.65%
AU Small Finance Bank,Self-employed,725,737,CIBIL 700–749,9.15%,HDFC Bank,7.95%,Ujjivan SFB,9.65%,Equitas SFB,9.90%
AU Small Finance Bank,Salaried,775,778,CIBIL 750–799,8.45%,HDFC Bank,7.35%,Ujjivan SFB,8.95%,Equitas SFB,9.20%
AU Small Finance Bank,Self-employed,775,778,CIBIL 750–799,8.70%,HDFC Bank,7.50%,Ujjivan SFB,9.20%,Equitas SFB,9.45%
AU Small Finance Bank,Salaried,825,839,CIBIL 800+,8.25%,HDFC Bank,7.15%,Ujjivan SFB,8.75%,Equitas SFB,9.00%
AU Small Finance Bank,Self-employed,825,839,CIBIL 800+,8.50%,HDFC Bank,7.30%,Ujjivan SFB,9.00%,Equitas SFB,9.25%
AU Small Finance Bank,Salaried,790,790,CIBIL 750–799,8.35%,HDFC Bank,7.25%,Ujjivan SFB,8.85%,Equitas SFB,9.10%
AU Small Finance Bank,Self-employed,790,790,CIBIL 750–799,8.60%,HDFC Bank,7.40%,Ujjivan SFB,9.10%,Equitas SFB,9.35%
AU Small Finance Bank,Salaried,850,850,CIBIL 800+,8.25%,HDFC Bank,7.15%,Ujjivan SFB,8.75%,Equitas SFB,9.00%
AU Small Finance Bank,Self-employed,850,850,CIBIL 800+,8.50%,HDFC Bank,7.30%,Ujjivan SFB,9.00%,Equitas SFB,9.25%
Ujjivan SFB,Salaried,600,600,CIBIL 600–649,10.35%,HDFC Bank,8.75%,AU Small Finance Bank,9.85%,Equitas SFB,10.60%
Ujjivan SFB,Self-employed,600,600,CIBIL 600–649,10.60%,HDFC Bank,8.90%,AU Small Finance Bank,10.10%,Equitas SFB,10.85%
Ujjivan SFB,Salaried,625,622,CIBIL 600–649,10.20%,HDFC Bank,8.60%,AU Small Finance Bank,9.70%,Equitas SFB,10.45%
Ujjivan SFB,Self-employed,625,622,CIBIL 600–649,10.45%,HDFC Bank,8.75%,AU Small Finance Bank,9.95%,Equitas SFB,10.70%
Ujjivan SFB,Salaried,675,677,CIBIL below 700,9.90%,HDFC Bank,8.30%,AU Small Finance Bank,9.40%,Equitas SFB,10.15%
Ujjivan SFB,Self-employed,675,677,CIBIL below 700,10.15%,HDFC Bank,8.45%,AU Small Finance Bank,9.65%,Equitas SFB,10.40%
Ujjivan SFB,Salaried,725,737,CIBIL 700–749,9.40%,HDFC Bank,7.80%,AU Small Finance Bank,8.90%,Equitas SFB,9.65%
Ujjivan SFB,Self-employed,725,737,CIBIL 700–749,9.65%,HDFC Bank,7.95%,AU Small Finance Bank,9.15%,Equitas SFB,9.90%
Ujjivan SFB,Salaried,775,778,CIBIL 750–799,8.95%,HDFC Bank,7.35%,AU Small Finance Bank,8.45%,Equitas SFB,9.20%
Ujjivan SFB,Self-employed,775,778,CIBIL 750–799,9.20%,HDFC Bank,7.50%,AU Small Finance Bank,8.70%,Equitas SFB,9.45%
Ujjivan SFB,Salaried,825,839,CIBIL 800+,8.75%,HDFC Bank,7.15%,AU Small Finance Bank,8.25%,Equitas SFB,9.00%
Ujjivan SFB,Self-employed,825,839,CIBIL 800+,9.00%,HDFC Bank,7.30%,AU Small Finance Bank,8.50%,Equitas SFB,9.25%
Ujjivan SFB,Salaried,790,790,CIBIL 750–799,8.85%,HDFC Bank,7.25%,AU Small Finance Bank,8.35%,Equitas SFB,9.10%
Ujjivan SFB,Self-employed,790,790,CIBIL 750–799,9.10%,HDFC Bank,7.40%,AU Small Finance Bank,8.60%,Equitas SFB,9.35%
Ujjivan SFB,Salaried,850,850,CIBIL 800+,8.75%,HDFC Bank,7.15%,AU Small Finance Bank,8.25%,Equitas SFB,9.00%
Ujjivan SFB,Self-employed,850,850,CIBIL 800+,9.00%,HDFC Bank,7.30%,AU Small Finance Bank,8.50%,Equitas SFB,9.25%
Jana SFB,Salaried,600,600,CIBIL 600–649,10.60%,HDFC Bank,8.75%,AU Small Finance Bank,9.85%,Ujjivan SFB,10.35%
Jana SFB,Self-employed,600,600,CIBIL 600–649,10.85%,HDFC Bank,8.90%,AU Small Finance Bank,10.10%,Ujjivan SFB,10.60%
Jana SFB,Salaried,625,622,CIBIL 600–649,10.45%,HDFC Bank,8.60%,AU Small Finance Bank,9.70%,Ujjivan SFB,10.20%
Jana SFB,Self-employed,625,622,CIBIL 600–649,10.70%,HDFC Bank,8.75%,AU Small Finance Bank,9.95%,Ujjivan SFB,10.45%
Jana SFB,Salaried,675,677,CIBIL below 700,10.15%,HDFC Bank,8.30%,AU Small Finance Bank,9.40%,Ujjivan SFB,9.90%
Jana SFB,Self-employed,675,677,CIBIL below 700,10.40%,HDFC Bank,8.45%,AU Small Finance Bank,9.65%,Ujjivan SFB,10.15%
Jana SFB,Salaried,725,737,CIBIL 700–749,9.65%,HDFC Bank,7.80%,AU Small Finance Bank,8.90%,Ujjivan SFB,9.40%
Jana SFB,Self-employed,725,737,CIBIL 700–749,9.90%,HDFC Bank,7.95%,AU Small Finance Bank,9.15%,Ujjivan SFB,9.65%
Jana SFB,Salaried,775,778,CIBIL 750–799,9.20%,HDFC Bank,7.35%,AU Small Finance Bank,8.45%,Ujjivan SFB,8.95%
Jana SFB,Self-employed,775,778,CIBIL 750–799,9.45%,HDFC Bank,7.50%,AU Small Finance Bank,8.70%,Ujjivan SFB,9.20%
Jana SFB,Salaried,825,839,CIBIL 800+,9.00%,HDFC Bank,7.15%,AU Small Finance Bank,8.25%,Ujjivan SFB,8.75%
Jana SFB,Self-employed,825,839,CIBIL 800+,9.25%,HDFC Bank,7.30%,AU Small Finance Bank,8.50%,Ujjivan SFB,9.00%
Jana SFB,Salaried,790,790,CIBIL 750–799,9.10%,HDFC Bank,7.25%,AU Small Finance Bank,8.35%,Ujjivan SFB,8.85%
Jana SFB,Self-employed,790,790,CIBIL 750–799,9.35%,HDFC Bank,7.40%,AU Small Finance Bank,8.60%,Ujjivan SFB,9.10%
Jana SFB,Salaried,850,850,CIBIL 800+,9.00%,HDFC Bank,7.15%,AU Small Finance Bank,8.25%,Ujjivan SFB,8.75%
Jana SFB,Self-employed,850,850,CIBIL 800+,9.25%,HDFC Bank,7.30%,AU Small Finance Bank,8.50%,Ujjivan SFB,9.00%
Equitas SFB,Salaried,600,600,CIBIL 600–649,10.60%,HDFC Bank,8.75%,AU Small Finance Bank,9.85%,Ujjivan SFB,10.35%
Equitas SFB,Self-employed,600,600,CIBIL 600–649,10.85%,HDFC Bank,8.90%,AU Small Finance Bank,10.10%,Ujjivan SFB,10.60%
Equitas SFB,Salaried,625,622,CIBIL 600–649,10.45%,HDFC Bank,8.60%,AU Small Finance Bank,9.70%,Ujjivan SFB,10.20%
Equitas SFB,Self-employed,625,622,CIBIL 600–649,10.70%,HDFC Bank,8.75%,AU Small Finance Bank,9.95%,Ujjivan SFB,10.45%
Equitas SFB,Salaried,675,677,CIBIL below 700,10.15%,HDFC Bank,8.30%,AU Small Finance Bank,9.40%,Ujjivan SFB,9.90%
Equitas SFB,Self-employed,675,677,CIBIL below 700,10.40%,HDFC Bank,8.45%,AU Small Finance Bank,9.65%,Ujjivan SFB,10.15%
Equitas SFB,Salaried,725,737,CIBIL 700–749,9.65%,HDFC Bank,7.80%,AU Small Finance Bank,8.90%,Ujjivan SFB,9.40%
Equitas SFB,Self-employed,725,737,CIBIL 700–749,9.90%,HDFC Bank,7.95%,AU Small Finance Bank,9.15%,Ujjivan SFB,9.65%
Equitas SFB,Salaried,775,778,CIBIL 750–799,9.20%,HDFC Bank,7.35%,AU Small Finance Bank,8.45%,Ujjivan SFB,8.95%
Equitas SFB,Self-employed,775,778,CIBIL 750–799,9.45%,HDFC Bank,7.50%,AU Small Finance Bank,8.70%,Ujjivan SFB,9.20%
Equitas SFB,Salaried,825,839,CIBIL 800+,9.00%,HDFC Bank,7.15%,AU Small Finance Bank,8.25%,Ujjivan SFB,8.75%
Equitas SFB,Self-employed,825,839,CIBIL 800+,9.25%,HDFC Bank,7.30%,AU Small Finance Bank,8.50%,Ujjivan SFB,9.00%
Equitas SFB,Salaried,790,790,CIBIL 750–799,9.10%,HDFC Bank,7.25%,AU Small Finance Bank,8.35%,Ujjivan SFB,8.85%
Equitas SFB,Self-employed,790,790,CIBIL 750–799,9.35%,HDFC Bank,7.40%,AU Small Finance Bank,8.60%,Ujjivan SFB,9.10%
Equitas SFB,Salaried,850,850,CIBIL 800+,9.00%,HDFC Bank,7.15%,AU Small Finance Bank,8.25%,Ujjivan SFB,8.75%
Equitas SFB,Self-employed,850,850,CIBIL 800+,9.25%,HDFC Bank,7.30%,AU Small Finance Bank,8.50%,Ujjivan SFB,9.00%
Bajaj Housing Finance,Salaried,600,600,CIBIL 600–649,10.00%,HDFC Bank,8.75%,LIC Housing Finance,9.50%,Tata Capital,10.00%
Bajaj Housing Finance,Self-employed,600,600,CIBIL 600–649,11.00%,HDFC Bank,8.90%,Tata Capital,10.00%,LIC Housing Finance,11.00%
Bajaj Housing Finance,Salaried,625,622,CIBIL 600–649,9.75%,HDFC Bank,8.60%,LIC Housing Finance,9.30%,Tata Capital,9.80%
Bajaj Housing Finance,Self-employed,625,622,CIBIL 600–649,10.70%,HDFC Bank,8.75%,Tata Capital,9.80%,LIC Housing Finance,10.70%
Bajaj Housing Finance,Salaried,675,677,CIBIL below 700,9.25%,HDFC Bank,8.30%,LIC Housing Finance,8.85%,Tata Capital,9.30%
Bajaj Housing Finance,Self-employed,675,677,CIBIL below 700,10.00%,HDFC Bank,8.45%,Tata Capital,9.35%,LIC Housing Finance,10.05%
Bajaj Housing Finance,Salaried,725,737,CIBIL 700–749,8.40%,HDFC Bank,7.80%,LIC Housing Finance,8.15%,Tata Capital,8.55%
Bajaj Housing Finance,Self-employed,725,737,CIBIL 700–749,8.90%,HDFC Bank,7.95%,Tata Capital,8.65%,LIC Housing Finance,8.95%
Bajaj Housing Finance,Salaried,775,778,CIBIL 750–799,7.60%,HDFC Bank,7.35%,LIC Housing Finance,7.45%,Tata Capital,7.80%
Bajaj Housing Finance,Self-employed,775,778,CIBIL 750–799,7.85%,HDFC Bank,7.50%,LIC Housing Finance,7.95%,Tata Capital,8.00%
Bajaj Housing Finance,Salaried,825,839,CIBIL 800+,7.25%,HDFC Bank,7.15%,LIC Housing Finance,7.15%,Tata Capital,7.50%
Bajaj Housing Finance,Self-employed,825,839,CIBIL 800+,7.35%,HDFC Bank,7.30%,LIC Housing Finance,7.50%,Tata Capital,7.70%
Bajaj Housing Finance,Salaried,790,790,CIBIL 750–799,7.45%,HDFC Bank,7.25%,LIC Housing Finance,7.35%,Tata Capital,7.70%
Bajaj Housing Finance,Self-employed,790,790,CIBIL 750–799,7.65%,HDFC Bank,7.40%,LIC Housing Finance,7.80%,Tata Capital,7.90%
Bajaj Housing Finance,Salaried,850,850,CIBIL 800+,7.25%,HDFC Bank,7.15%,LIC Housing Finance,7.15%,Tata Capital,7.50%
Bajaj Housing Finance,Self-employed,850,850,CIBIL 800+,7.35%,HDFC Bank,7.30%,LIC Housing Finance,7.50%,Tata Capital,7.70%
Tata Capital,Salaried,600,600,CIBIL 600–649,10.00%,HDFC Bank,8.75%,LIC Housing Finance,9.50%,Bajaj Housing Finance,10.00%
Tata Capital,Self-employed,600,600,CIBIL 600–649,10.00%,HDFC Bank,8.90%,Bajaj Housing Finance,11.00%,LIC Housing Finance,11.00%
Tata Capital,Salaried,625,622,CIBIL 600–649,9.80%,HDFC Bank,8.60%,LIC Housing Finance,9.30%,Bajaj Housing Finance,9.75%
Tata Capital,Self-employed,625,622,CIBIL 600–649,9.80%,HDFC Bank,8.75%,Bajaj Housing Finance,10.70%,LIC Housing Finance,10.70%
Tata Capital,Salaried,675,677,CIBIL below 700,9.30%,HDFC Bank,8.30%,LIC Housing Finance,8.85%,Bajaj Housing Finance,9.25%
Tata Capital,Self-employed,675,677,CIBIL below 700,9.35%,HDFC Bank,8.45%,Bajaj Housing Finance,10.00%,LIC Housing Finance,10.05%
Tata Capital,Salaried,725,737,CIBIL 700–749,8.55%,HDFC Bank,7.80%,LIC Housing Finance,8.15%,Bajaj Housing Finance,8.40%
Tata Capital,Self-employed,725,737,CIBIL 700–749,8.65%,HDFC Bank,7.95%,Bajaj Housing Finance,8.90%,LIC Housing Finance,8.95%
Tata Capital,Salaried,775,778,CIBIL 750–799,7.80%,HDFC Bank,7.35%,LIC Housing Finance,7.45%,Bajaj Housing Finance,7.60%
Tata Capital,Self-employed,775,778,CIBIL 750–799,8.00%,HDFC Bank,7.50%,Bajaj Housing Finance,7.85%,LIC Housing Finance,7.95%
Tata Capital,Salaried,825,839,CIBIL 800+,7.50%,HDFC Bank,7.15%,LIC Housing Finance,7.15%,Bajaj Housing Finance,7.25%
Tata Capital,Self-employed,825,839,CIBIL 800+,7.70%,HDFC Bank,7.30%,Bajaj Housing Finance,7.35%,LIC Housing Finance,7.50%
Tata Capital,Salaried,790,790,CIBIL 750–799,7.70%,HDFC Bank,7.25%,LIC Housing Finance,7.35%,Bajaj Housing Finance,7.45%
Tata Capital,Self-employed,790,790,CIBIL 750–799,7.90%,HDFC Bank,7.40%,Bajaj Housing Finance,7.65%,LIC Housing Finance,7.80%
Tata Capital,Salaried,850,850,CIBIL 800+,7.50%,HDFC Bank,7.15%,LIC Housing Finance,7.15%,Bajaj Housing Finance,7.25%
Tata Capital,Self-employed,850,850,CIBIL 800+,7.70%,HDFC Bank,7.30%,Bajaj Housing Finance,7.35%,LIC Housing Finance,7.50%
LIC Housing Finance,Salaried,600,600,CIBIL 600–649,9.50%,HDFC Bank,8.75%,Bajaj Housing Finance,10.00%,Tata Capital,10.00%
LIC Housing Finance,Self-employed,600,600,CIBIL 600–649,11.00%,HDFC Bank,8.90%,Tata Capital,10.00%,Bajaj Housing Finance,11.00%
LIC Housing Finance,Salaried,625,622,CIBIL 600–649,9.30%,HDFC Bank,8.60%,Bajaj Housing Finance,9.75%,Tata Capital,9.80%
LIC Housing Finance,Self-employed,625,622,CIBIL 600–649,10.70%,HDFC Bank,8.75%,Tata Capital,9.80%,Bajaj Housing Finance,10.70%
LIC Housing Finance,Salaried,675,677,CIBIL below 700,8.85%,HDFC Bank,8.30%,Bajaj Housing Finance,9.25%,Tata Capital,9.30%
LIC Housing Finance,Self-employed,675,677,CIBIL below 700,10.05%,HDFC Bank,8.45%,Tata Capital,9.35%,Bajaj Housing Finance,10.00%
LIC Housing Finance,Salaried,725,737,CIBIL 700–749,8.15%,HDFC Bank,7.80%,Bajaj Housing Finance,8.40%,Tata Capital,8.55%
LIC Housing Finance,Self-employed,725,737,CIBIL 700–749,8.95%,HDFC Bank,7.95%,Tata Capital,8.65%,Bajaj Housing Finance,8.90%
LIC Housing Finance,Salaried,775,778,CIBIL 750–799,7.45%,HDFC Bank,7.35%,Bajaj Housing Finance,7.60%,Tata Capital,7.80%
LIC Housing Finance,Self-employed,775,778,CIBIL 750–799,7.95%,HDFC Bank,7.50%,Bajaj Housing Finance,7.85%,Tata Capital,8.00%
LIC Housing Finance,Salaried,825,839,CIBIL 800+,7.15%,HDFC Bank,7.15%,Bajaj Housing Finance,7.25%,Tata Capital,7.50%
LIC Housing Finance,Self-employed,825,839,CIBIL 800+,7.50%,HDFC Bank,7.30%,Bajaj Housing Finance,7.35%,Tata Capital,7.70%
LIC Housing Finance,Salaried,790,790,CIBIL 750–799,7.35%,HDFC Bank,7.25%,Bajaj Housing Finance,7.45%,Tata Capital,7.70%
LIC Housing Finance,Self-employed,790,790,CIBIL 750–799,7.80%,HDFC Bank,7.40%,Bajaj Housing Finance,7.65%,Tata Capital,7.90%
LIC Housing Finance,Salaried,850,850,CIBIL 800+,7.15%,HDFC Bank,7.15%,Bajaj Housing Finance,7.25%,Tata Capital,7.50%
LIC Housing Finance,Self-employed,850,850,CIBIL 800+,7.50%,HDFC Bank,7.30%,Bajaj Housing Finance,7.35%,Tata Capital,7.70%
PNB Housing Finance,Salaried,600,600,CIBIL 600–649,10.50%,HDFC Bank,8.75%,LIC Housing Finance,9.50%,Bajaj Housing Finance,10.00%
PNB Housing Finance,Self-employed,600,600,CIBIL 600–649,12.00%,HDFC Bank,8.90%,Tata Capital,10.00%,Bajaj Housing Finance,11.00%
PNB Housing Finance,Salaried,625,622,CIBIL 600–649,10.25%,HDFC Bank,8.60%,LIC Housing Finance,9.30%,Bajaj Housing Finance,9.75%
PNB Housing Finance,Self-employed,625,622,CIBIL 600–649,11.65%,HDFC Bank,8.75%,Tata Capital,9.80%,Bajaj Housing Finance,10.70%
PNB Housing Finance,Salaried,675,677,CIBIL below 700,9.75%,HDFC Bank,8.30%,LIC Housing Finance,8.85%,Bajaj Housing Finance,9.25%
PNB Housing Finance,Self-employed,675,677,CIBIL below 700,10.85%,HDFC Bank,8.45%,Tata Capital,9.35%,Bajaj Housing Finance,10.00%
PNB Housing Finance,Salaried,725,737,CIBIL 700–749,9.00%,HDFC Bank,7.80%,LIC Housing Finance,8.15%,Bajaj Housing Finance,8.40%
PNB Housing Finance,Self-employed,725,737,CIBIL 700–749,9.65%,HDFC Bank,7.95%,Tata Capital,8.65%,Bajaj Housing Finance,8.90%
PNB Housing Finance,Salaried,775,778,CIBIL 750–799,8.25%,HDFC Bank,7.35%,LIC Housing Finance,7.45%,Bajaj Housing Finance,7.60%
PNB Housing Finance,Self-employed,775,778,CIBIL 750–799,8.45%,HDFC Bank,7.50%,Bajaj Housing Finance,7.85%,LIC Housing Finance,7.95%
PNB Housing Finance,Salaried,825,839,CIBIL 800+,7.90%,HDFC Bank,7.15%,LIC Housing Finance,7.15%,Bajaj Housing Finance,7.25%
PNB Housing Finance,Self-employed,825,839,CIBIL 800+,7.90%,HDFC Bank,7.30%,Bajaj Housing Finance,7.35%,LIC Housing Finance,7.50%
PNB Housing Finance,Salaried,790,790,CIBIL 750–799,8.10%,HDFC Bank,7.25%,LIC Housing Finance,7.35%,Bajaj Housing Finance,7.45%
PNB Housing Finance,Self-employed,790,790,CIBIL 750–799,8.25%,HDFC Bank,7.40%,Bajaj Housing Finance,7.65%,LIC Housing Finance,7.80%
PNB Housing Finance,Salaried,850,850,CIBIL 800+,7.90%,HDFC Bank,7.15%,LIC Housing Finance,7.15%,Bajaj Housing Finance,7.25%
PNB Housing Finance,Self-employed,850,850,CIBIL 800+,7.90%,HDFC Bank,7.30%,Bajaj Housing Finance,7.35%,LIC Housing Finance,7.50%
Sammaan Capital (Indiabulls),Salaried,600,600,CIBIL 600–649,12.00%,HDFC Bank,8.75%,LIC Housing Finance,9.50%,Bajaj Housing Finance,10.00%
Sammaan Capital (Indiabulls),Self-employed,600,600,CIBIL 600–649,12.50%,HDFC Bank,8.90%,Tata Capital,10.00%,Bajaj Housing Finance,11.00%
Sammaan Capital (Indiabulls),Salaried,625,622,CIBIL 600–649,11.70%,HDFC Bank,8.60%,LIC Housing Finance,9.30%,Bajaj Housing Finance,9.75%
Sammaan Capital (Indiabulls),Self-employed,625,622,CIBIL 600–649,12.20%,HDFC Bank,8.75%,Tata Capital,9.80%,Bajaj Housing Finance,10.70%
Sammaan Capital (Indiabulls),Salaried,675,677,CIBIL below 700,11.10%,HDFC Bank,8.30%,LIC Housing Finance,8.85%,Bajaj Housing Finance,9.25%
Sammaan Capital (Indiabulls),Self-employed,675,677,CIBIL below 700,11.55%,HDFC Bank,8.45%,Tata Capital,9.35%,Bajaj Housing Finance,10.00%
Sammaan Capital (Indiabulls),Salaried,725,737,CIBIL 700–749,10.10%,HDFC Bank,7.80%,LIC Housing Finance,8.15%,Bajaj Housing Finance,8.40%
Sammaan Capital (Indiabulls),Self-employed,725,737,CIBIL 700–749,10.45%,HDFC Bank,7.95%,Tata Capital,8.65%,Bajaj Housing Finance,8.90%
Sammaan Capital (Indiabulls),Salaried,775,778,CIBIL 750–799,9.15%,HDFC Bank,7.35%,LIC Housing Finance,7.45%,Bajaj Housing Finance,7.60%
Sammaan Capital (Indiabulls),Self-employed,775,778,CIBIL 750–799,9.45%,HDFC Bank,7.50%,Bajaj Housing Finance,7.85%,LIC Housing Finance,7.95%
Sammaan Capital (Indiabulls),Salaried,825,839,CIBIL 800+,8.75%,HDFC Bank,7.15%,LIC Housing Finance,7.15%,Bajaj Housing Finance,7.25%
Sammaan Capital (Indiabulls),Self-employed,825,839,CIBIL 800+,9.00%,HDFC Bank,7.30%,Bajaj Housing Finance,7.35%,LIC Housing Finance,7.50%
Sammaan Capital (Indiabulls),Salaried,790,790,CIBIL 750–799,9.00%,HDFC Bank,7.25%,LIC Housing Finance,7.35%,Bajaj Housing Finance,7.45%
Sammaan Capital (Indiabulls),Self-employed,790,790,CIBIL 750–799,9.30%,HDFC Bank,7.40%,Bajaj Housing Finance,7.65%,LIC Housing Finance,7.80%
Sammaan Capital (Indiabulls),Salaried,850,850,CIBIL 800+,8.75%,HDFC Bank,7.15%,LIC Housing Finance,7.15%,Bajaj Housing Finance,7.25%
Sammaan Capital (Indiabulls),Self-employed,850,850,CIBIL 800+,9.00%,HDFC Bank,7.30%,Bajaj Housing Finance,7.35%,LIC Housing Finance,7.50%
Muthoot Housing Finance,Salaried,600,600,CIBIL 600–649,14.00%,HDFC Bank,8.75%,LIC Housing Finance,9.50%,Bajaj Housing Finance,10.00%
Muthoot Housing Finance,Self-employed,600,600,CIBIL 600–649,15.50%,HDFC Bank,8.90%,Tata Capital,10.00%,Bajaj Housing Finance,11.00%
Muthoot Housing Finance,Salaried,625,622,CIBIL 600–649,13.75%,HDFC Bank,8.60%,LIC Housing Finance,9.30%,Bajaj Housing Finance,9.75%
Muthoot Housing Finance,Self-employed,625,622,CIBIL 600–649,15.25%,HDFC Bank,8.75%,Tata Capital,9.80%,Bajaj Housing Finance,10.70%
Muthoot Housing Finance,Salaried,675,677,CIBIL below 700,13.25%,HDFC Bank,8.30%,LIC Housing Finance,8.85%,Bajaj Housing Finance,9.25%
Muthoot Housing Finance,Self-employed,675,677,CIBIL below 700,14.65%,HDFC Bank,8.45%,Tata Capital,9.35%,Bajaj Housing Finance,10.00%
Muthoot Housing Finance,Salaried,725,737,CIBIL 700–749,12.40%,HDFC Bank,7.80%,LIC Housing Finance,8.15%,Bajaj Housing Finance,8.40%
Muthoot Housing Finance,Self-employed,725,737,CIBIL 700–749,13.75%,HDFC Bank,7.95%,Tata Capital,8.65%,Bajaj Housing Finance,8.90%
Muthoot Housing Finance,Salaried,775,778,CIBIL 750–799,11.60%,HDFC Bank,7.35%,LIC Housing Finance,7.45%,Bajaj Housing Finance,7.60%
Muthoot Housing Finance,Self-employed,775,778,CIBIL 750–799,12.90%,HDFC Bank,7.50%,Bajaj Housing Finance,7.85%,LIC Housing Finance,7.95%
Muthoot Housing Finance,Salaried,825,839,CIBIL 800+,11.25%,HDFC Bank,7.15%,LIC Housing Finance,7.15%,Bajaj Housing Finance,7.25%
Muthoot Housing Finance,Self-employed,825,839,CIBIL 800+,12.50%,HDFC Bank,7.30%,Bajaj Housing Finance,7.35%,LIC Housing Finance,7.50%
Muthoot Housing Finance,Salaried,790,790,CIBIL 750–799,11.45%,HDFC Bank,7.25%,LIC Housing Finance,7.35%,Bajaj Housing Finance,7.45%
Muthoot Housing Finance,Self-employed,790,790,CIBIL 750–799,12.75%,HDFC Bank,7.40%,Bajaj Housing Finance,7.65%,LIC Housing Finance,7.80%
Muthoot Housing Finance,Salaried,850,850,CIBIL 800+,11.25%,HDFC Bank,7.15%,LIC Housing Finance,7.15%,Bajaj Housing Finance,7.25%
Muthoot Housing Finance,Self-employed,850,850,CIBIL 800+,12.50%,HDFC Bank,7.30%,Bajaj Housing Finance,7.35%,LIC Housing Finance,7.50%
Aavas Financiers,Salaried,600,600,CIBIL 600–649,13.00%,HDFC Bank,8.75%,LIC Housing Finance,9.50%,Bajaj Housing Finance,10.00%
Aavas Financiers,Self-employed,600,600,CIBIL 600–649,13.50%,HDFC Bank,8.90%,Tata Capital,10.00%,Bajaj Housing Finance,11.00%
Aavas Financiers,Salaried,625,622,CIBIL 600–649,12.65%,HDFC Bank,8.60%,LIC Housing Finance,9.30%,Bajaj Housing Finance,9.75%
Aavas Financiers,Self-employed,625,622,CIBIL 600–649,13.15%,HDFC Bank,8.75%,Tata Capital,9.80%,Bajaj Housing Finance,10.70%
Aavas Financiers,Salaried,675,677,CIBIL below 700,11.90%,HDFC Bank,8.30%,LIC Housing Finance,8.85%,Bajaj Housing Finance,9.25%
Aavas Financiers,Self-employed,675,677,CIBIL below 700,12.40%,HDFC Bank,8.45%,Tata Capital,9.35%,Bajaj Housing Finance,10.00%
Aavas Financiers,Salaried,725,737,CIBIL 700–749,10.70%,HDFC Bank,7.80%,LIC Housing Finance,8.15%,Bajaj Housing Finance,8.40%
Aavas Financiers,Self-employed,725,737,CIBIL 700–749,11.20%,HDFC Bank,7.95%,Tata Capital,8.65%,Bajaj Housing Finance,8.90%
Aavas Financiers,Salaried,775,778,CIBIL 750–799,9.55%,HDFC Bank,7.35%,LIC Housing Finance,7.45%,Bajaj Housing Finance,7.60%
Aavas Financiers,Self-employed,775,778,CIBIL 750–799,10.05%,HDFC Bank,7.50%,Bajaj Housing Finance,7.85%,LIC Housing Finance,7.95%
Aavas Financiers,Salaried,825,839,CIBIL 800+,9.00%,HDFC Bank,7.15%,LIC Housing Finance,7.15%,Bajaj Housing Finance,7.25%
Aavas Financiers,Self-employed,825,839,CIBIL 800+,9.50%,HDFC Bank,7.30%,Bajaj Housing Finance,7.35%,LIC Housing Finance,7.50%
Aavas Financiers,Salaried,790,790,CIBIL 750–799,9.35%,HDFC Bank,7.25%,LIC Housing Finance,7.35%,Bajaj Housing Finance,7.45%
Aavas Financiers,Self-employed,790,790,CIBIL 750–799,9.85%,HDFC Bank,7.40%,Bajaj Housing Finance,7.65%,LIC Housing Finance,7.80%
Aavas Financiers,Salaried,850,850,CIBIL 800+,9.00%,HDFC Bank,7.15%,LIC Housing Finance,7.15%,Bajaj Housing Finance,7.25%
Aavas Financiers,Self-employed,850,850,CIBIL 800+,9.50%,HDFC Bank,7.30%,Bajaj Housing Finance,7.35%,LIC Housing Finance,7.50%
Hinduja Housing Finance,Salaried,600,600,CIBIL 600–649,14.00%,HDFC Bank,8.75%,LIC Housing Finance,9.50%,Bajaj Housing Finance,10.00%
Hinduja Housing Finance,Self-employed,600,600,CIBIL 600–649,14.50%,HDFC Bank,8.90%,Tata Capital,10.00%,Bajaj Housing Finance,11.00%
Hinduja Housing Finance,Salaried,625,622,CIBIL 600–649,13.65%,HDFC Bank,8.60%,LIC Housing Finance,9.30%,Bajaj Housing Finance,9.75%
Hinduja Housing Finance,Self-employed,625,622,CIBIL 600–649,14.15%,HDFC Bank,8.75%,Tata Capital,9.80%,Bajaj Housing Finance,10.70%
Hinduja Housing Finance,Salaried,675,677,CIBIL below 700,12.90%,HDFC Bank,8.30%,LIC Housing Finance,8.85%,Bajaj Housing Finance,9.25%
Hinduja Housing Finance,Self-employed,675,677,CIBIL below 700,13.40%,HDFC Bank,8.45%,Tata Capital,9.35%,Bajaj Housing Finance,10.00%
Hinduja Housing Finance,Salaried,725,737,CIBIL 700–749,11.70%,HDFC Bank,7.80%,LIC Housing Finance,8.15%,Bajaj Housing Finance,8.40%
Hinduja Housing Finance,Self-employed,725,737,CIBIL 700–749,12.20%,HDFC Bank,7.95%,Tata Capital,8.65%,Bajaj Housing Finance,8.90%
Hinduja Housing Finance,Salaried,775,778,CIBIL 750–799,10.55%,HDFC Bank,7.35%,LIC Housing Finance,7.45%,Bajaj Housing Finance,7.60%
Hinduja Housing Finance,Self-employed,775,778,CIBIL 750–799,11.05%,HDFC Bank,7.50%,Bajaj Housing Finance,7.85%,LIC Housing Finance,7.95%
Hinduja Housing Finance,Salaried,825,839,CIBIL 800+,10.00%,HDFC Bank,7.15%,LIC Housing Finance,7.15%,Bajaj Housing Finance,7.25%
Hinduja Housing Finance,Self-employed,825,839,CIBIL 800+,10.50%,HDFC Bank,7.30%,Bajaj Housing Finance,7.35%,LIC Housing Finance,7.50%
Hinduja Housing Finance,Salaried,790,790,CIBIL 750–799,10.35%,HDFC Bank,7.25%,LIC Housing Finance,7.35%,Bajaj Housing Finance,7.45%
Hinduja Housing Finance,Self-employed,790,790,CIBIL 750–799,10.85%,HDFC Bank,7.40%,Bajaj Housing Finance,7.65%,LIC Housing Finance,7.80%
Hinduja Housing Finance,Salaried,850,850,CIBIL 800+,10.00%,HDFC Bank,7.15%,LIC Housing Finance,7.15%,Bajaj Housing Finance,7.25%
Hinduja Housing Finance,Self-employed,850,850,CIBIL 800+,10.50%,HDFC Bank,7.30%,Bajaj Housing Finance,7.35%,LIC Housing Finance,7.50%
Home First Finance,Salaried,600,600,CIBIL 600–649,14.00%,HDFC Bank,8.75%,LIC Housing Finance,9.50%,Bajaj Housing Finance,10.00%
Home First Finance,Self-employed,600,600,CIBIL 600–649,14.50%,HDFC Bank,8.90%,Tata Capital,10.00%,Bajaj Housing Finance,11.00%
Home First Finance,Salaried,625,622,CIBIL 600–649,13.75%,HDFC Bank,8.60%,LIC Housing Finance,9.30%,Bajaj Housing Finance,9.75%
Home First Finance,Self-employed,625,622,CIBIL 600–649,14.25%,HDFC Bank,8.75%,Tata Capital,9.80%,Bajaj Housing Finance,10.70%
Home First Finance,Salaried,675,677,CIBIL below 700,13.15%,HDFC Bank,8.30%,LIC Housing Finance,8.85%,Bajaj Housing Finance,9.25%
Home First Finance,Self-employed,675,677,CIBIL below 700,13.65%,HDFC Bank,8.45%,Tata Capital,9.35%,Bajaj Housing Finance,10.00%
Home First Finance,Salaried,725,737,CIBIL 700–749,12.25%,HDFC Bank,7.80%,LIC Housing Finance,8.15%,Bajaj Housing Finance,8.40%
Home First Finance,Self-employed,725,737,CIBIL 700–749,12.75%,HDFC Bank,7.95%,Tata Capital,8.65%,Bajaj Housing Finance,8.90%
Home First Finance,Salaried,775,778,CIBIL 750–799,11.40%,HDFC Bank,7.35%,LIC Housing Finance,7.45%,Bajaj Housing Finance,7.60%
Home First Finance,Self-employed,775,778,CIBIL 750–799,11.90%,HDFC Bank,7.50%,Bajaj Housing Finance,7.85%,LIC Housing Finance,7.95%
Home First Finance,Salaried,825,839,CIBIL 800+,11.00%,HDFC Bank,7.15%,LIC Housing Finance,7.15%,Bajaj Housing Finance,7.25%
Home First Finance,Self-employed,825,839,CIBIL 800+,11.50%,HDFC Bank,7.30%,Bajaj Housing Finance,7.35%,LIC Housing Finance,7.50%
Home First Finance,Salaried,790,790,CIBIL 750–799,11.25%,HDFC Bank,7.25%,LIC Housing Finance,7.35%,Bajaj Housing Finance,7.45%
Home First Finance,Self-employed,790,790,CIBIL 750–799,11.75%,HDFC Bank,7.40%,Bajaj Housing Finance,7.65%,LIC Housing Finance,7.80%
Home First Finance,Salaried,850,850,CIBIL 800+,11.00%,HDFC Bank,7.15%,LIC Housing Finance,7.15%,Bajaj Housing Finance,7.25%
Home First Finance,Self-employed,850,850,CIBIL 800+,11.50%,HDFC Bank,7.30%,Bajaj Housing Finance,7.35%,LIC Housing Finance,7.50%
Aadhar Housing Finance,Salaried,600,600,CIBIL 600–649,15.00%,HDFC Bank,8.75%,LIC Housing Finance,9.50%,Bajaj Housing Finance,10.00%
Aadhar Housing Finance,Self-employed,600,600,CIBIL 600–649,16.00%,HDFC Bank,8.90%,Tata Capital,10.00%,Bajaj Housing Finance,11.00%
Aadhar Housing Finance,Salaried,625,622,CIBIL 600–649,14.70%,HDFC Bank,8.60%,LIC Housing Finance,9.30%,Bajaj Housing Finance,9.75%
Aadhar Housing Finance,Self-employed,625,622,CIBIL 600–649,15.70%,HDFC Bank,8.75%,Tata Capital,9.80%,Bajaj Housing Finance,10.70%
Aadhar Housing Finance,Salaried,675,677,CIBIL below 700,14.10%,HDFC Bank,8.30%,LIC Housing Finance,8.85%,Bajaj Housing Finance,9.25%
Aadhar Housing Finance,Self-employed,675,677,CIBIL below 700,14.95%,HDFC Bank,8.45%,Tata Capital,9.35%,Bajaj Housing Finance,10.00%
Aadhar Housing Finance,Salaried,725,737,CIBIL 700–749,13.10%,HDFC Bank,7.80%,LIC Housing Finance,8.15%,Bajaj Housing Finance,8.40%
Aadhar Housing Finance,Self-employed,725,737,CIBIL 700–749,13.85%,HDFC Bank,7.95%,Tata Capital,8.65%,Bajaj Housing Finance,8.90%
Aadhar Housing Finance,Salaried,775,778,CIBIL 750–799,12.15%,HDFC Bank,7.35%,LIC Housing Finance,7.45%,Bajaj Housing Finance,7.60%
Aadhar Housing Finance,Self-employed,775,778,CIBIL 750–799,12.75%,HDFC Bank,7.50%,Bajaj Housing Finance,7.85%,LIC Housing Finance,7.95%
Aadhar Housing Finance,Salaried,825,839,CIBIL 800+,11.75%,HDFC Bank,7.15%,LIC Housing Finance,7.15%,Bajaj Housing Finance,7.25%
Aadhar Housing Finance,Self-employed,825,839,CIBIL 800+,12.25%,HDFC Bank,7.30%,Bajaj Housing Finance,7.35%,LIC Housing Finance,7.50%
Aadhar Housing Finance,Salaried,790,790,CIBIL 750–799,12.00%,HDFC Bank,7.25%,LIC Housing Finance,7.35%,Bajaj Housing Finance,7.45%
Aadhar Housing Finance,Self-employed,790,790,CIBIL 750–799,12.55%,HDFC Bank,7.40%,Bajaj Housing Finance,7.65%,LIC Housing Finance,7.80%
Aadhar Housing Finance,Salaried,850,850,CIBIL 800+,11.75%,HDFC Bank,7.15%,LIC Housing Finance,7.15%,Bajaj Housing Finance,7.25%
Aadhar Housing Finance,Self-employed,850,850,CIBIL 800+,12.25%,HDFC Bank,7.30%,Bajaj Housing Finance,7.35%,LIC Housing Finance,7.50%
Cholamandalam Finance,Salaried,600,600,CIBIL 600–649,14.00%,HDFC Bank,8.75%,LIC Housing Finance,9.50%,Bajaj Housing Finance,10.00%
Cholamandalam Finance,Self-employed,600,600,CIBIL 600–649,14.50%,HDFC Bank,8.90%,Tata Capital,10.00%,Bajaj Housing Finance,11.00%
Cholamandalam Finance,Salaried,625,622,CIBIL 600–649,13.70%,HDFC Bank,8.60%,LIC Housing Finance,9.30%,Bajaj Housing Finance,9.75%
Cholamandalam Finance,Self-employed,625,622,CIBIL 600–649,14.20%,HDFC Bank,8.75%,Tata Capital,9.80%,Bajaj Housing Finance,10.70%
Cholamandalam Finance,Salaried,675,677,CIBIL below 700,13.05%,HDFC Bank,8.30%,LIC Housing Finance,8.85%,Bajaj Housing Finance,9.25%
Cholamandalam Finance,Self-employed,675,677,CIBIL below 700,13.45%,HDFC Bank,8.45%,Tata Capital,9.35%,Bajaj Housing Finance,10.00%
Cholamandalam Finance,Salaried,725,737,CIBIL 700–749,11.95%,HDFC Bank,7.80%,LIC Housing Finance,8.15%,Bajaj Housing Finance,8.40%
Cholamandalam Finance,Self-employed,725,737,CIBIL 700–749,12.35%,HDFC Bank,7.95%,Tata Capital,8.65%,Bajaj Housing Finance,8.90%
Cholamandalam Finance,Salaried,775,778,CIBIL 750–799,10.95%,HDFC Bank,7.35%,LIC Housing Finance,7.45%,Bajaj Housing Finance,7.60%
Cholamandalam Finance,Self-employed,775,778,CIBIL 750–799,11.25%,HDFC Bank,7.50%,Bajaj Housing Finance,7.85%,LIC Housing Finance,7.95%
Cholamandalam Finance,Salaried,825,839,CIBIL 800+,10.50%,HDFC Bank,7.15%,LIC Housing Finance,7.15%,Bajaj Housing Finance,7.25%
Cholamandalam Finance,Self-employed,825,839,CIBIL 800+,10.75%,HDFC Bank,7.30%,Bajaj Housing Finance,7.35%,LIC Housing Finance,7.50%
Cholamandalam Finance,Salaried,790,790,CIBIL 750–799,10.80%,HDFC Bank,7.25%,LIC Housing Finance,7.35%,Bajaj Housing Finance,7.45%
Cholamandalam Finance,Self-employed,790,790,CIBIL 750–799,11.05%,HDFC Bank,7.40%,Bajaj Housing Finance,7.65%,LIC Housing Finance,7.80%
Cholamandalam Finance,Salaried,850,850,CIBIL 800+,10.50%,HDFC Bank,7.15%,LIC Housing Finance,7.15%,Bajaj Housing Finance,7.25%
Cholamandalam Finance,Self-employed,850,850,CIBIL 800+,10.75%,HDFC Bank,7.30%,Bajaj Housing Finance,7.35%,LIC Housing Finance,7.50%
SK Finance,Salaried,600,600,CIBIL 600–649,16.00%,HDFC Bank,8.75%,LIC Housing Finance,9.50%,Bajaj Housing Finance,10.00%
SK Finance,Self-employed,600,600,CIBIL 600–649,17.00%,HDFC Bank,8.90%,Tata Capital,10.00%,Bajaj Housing Finance,11.00%
SK Finance,Salaried,625,622,CIBIL 600–649,15.65%,HDFC Bank,8.60%,LIC Housing Finance,9.30%,Bajaj Housing Finance,9.75%
SK Finance,Self-employed,625,622,CIBIL 600–649,16.65%,HDFC Bank,8.75%,Tata Capital,9.80%,Bajaj Housing Finance,10.70%
SK Finance,Salaried,675,677,CIBIL below 700,14.90%,HDFC Bank,8.30%,LIC Housing Finance,8.85%,Bajaj Housing Finance,9.25%
SK Finance,Self-employed,675,677,CIBIL below 700,15.75%,HDFC Bank,8.45%,Tata Capital,9.35%,Bajaj Housing Finance,10.00%
SK Finance,Salaried,725,737,CIBIL 700–749,13.70%,HDFC Bank,7.80%,LIC Housing Finance,8.15%,Bajaj Housing Finance,8.40%
SK Finance,Self-employed,725,737,CIBIL 700–749,14.40%,HDFC Bank,7.95%,Tata Capital,8.65%,Bajaj Housing Finance,8.90%
SK Finance,Salaried,775,778,CIBIL 750–799,12.55%,HDFC Bank,7.35%,LIC Housing Finance,7.45%,Bajaj Housing Finance,7.60%
SK Finance,Self-employed,775,778,CIBIL 750–799,13.10%,HDFC Bank,7.50%,Bajaj Housing Finance,7.85%,LIC Housing Finance,7.95%
SK Finance,Salaried,825,839,CIBIL 800+,12.00%,HDFC Bank,7.15%,LIC Housing Finance,7.15%,Bajaj Housing Finance,7.25%
SK Finance,Self-employed,825,839,CIBIL 800+,12.50%,HDFC Bank,7.30%,Bajaj Housing Finance,7.35%,LIC Housing Finance,7.50%
SK Finance,Salaried,790,790,CIBIL 750–799,12.35%,HDFC Bank,7.25%,LIC Housing Finance,7.35%,Bajaj Housing Finance,7.45%
SK Finance,Self-employed,790,790,CIBIL 750–799,12.90%,HDFC Bank,7.40%,Bajaj Housing Finance,7.65%,LIC Housing Finance,7.80%
SK Finance,Salaried,850,850,CIBIL 800+,12.00%,HDFC Bank,7.15%,LIC Housing Finance,7.15%,Bajaj Housing Finance,7.25%
SK Finance,Self-employed,850,850,CIBIL 800+,12.50%,HDFC Bank,7.30%,Bajaj Housing Finance,7.35%,LIC Housing Finance,7.50%
MAS Financial,Salaried,600,600,CIBIL 600–649,15.00%,HDFC Bank,8.75%,LIC Housing Finance,9.50%,Bajaj Housing Finance,10.00%
MAS Financial,Self-employed,600,600,CIBIL 600–649,15.50%,HDFC Bank,8.90%,Tata Capital,10.00%,Bajaj Housing Finance,11.00%
MAS Financial,Salaried,625,622,CIBIL 600–649,14.65%,HDFC Bank,8.60%,LIC Housing Finance,9.30%,Bajaj Housing Finance,9.75%
MAS Financial,Self-employed,625,622,CIBIL 600–649,15.15%,HDFC Bank,8.75%,Tata Capital,9.80%,Bajaj Housing Finance,10.70%
MAS Financial,Salaried,675,677,CIBIL below 700,13.90%,HDFC Bank,8.30%,LIC Housing Finance,8.85%,Bajaj Housing Finance,9.25%
MAS Financial,Self-employed,675,677,CIBIL below 700,14.40%,HDFC Bank,8.45%,Tata Capital,9.35%,Bajaj Housing Finance,10.00%
MAS Financial,Salaried,725,737,CIBIL 700–749,12.70%,HDFC Bank,7.80%,LIC Housing Finance,8.15%,Bajaj Housing Finance,8.40%
MAS Financial,Self-employed,725,737,CIBIL 700–749,13.20%,HDFC Bank,7.95%,Tata Capital,8.65%,Bajaj Housing Finance,8.90%
MAS Financial,Salaried,775,778,CIBIL 750–799,11.55%,HDFC Bank,7.35%,LIC Housing Finance,7.45%,Bajaj Housing Finance,7.60%
MAS Financial,Self-employed,775,778,CIBIL 750–799,12.05%,HDFC Bank,7.50%,Bajaj Housing Finance,7.85%,LIC Housing Finance,7.95%
MAS Financial,Salaried,825,839,CIBIL 800+,11.00%,HDFC Bank,7.15%,LIC Housing Finance,7.15%,Bajaj Housing Finance,7.25%
MAS Financial,Self-employed,825,839,CIBIL 800+,11.50%,HDFC Bank,7.30%,Bajaj Housing Finance,7.35%,LIC Housing Finance,7.50%
MAS Financial,Salaried,790,790,CIBIL 750–799,11.35%,HDFC Bank,7.25%,LIC Housing Finance,7.35%,Bajaj Housing Finance,7.45%
MAS Financial,Self-employed,790,790,CIBIL 750–799,11.85%,HDFC Bank,7.40%,Bajaj Housing Finance,7.65%,LIC Housing Finance,7.80%
MAS Financial,Salaried,850,850,CIBIL 800+,11.00%,HDFC Bank,7.15%,LIC Housing Finance,7.15%,Bajaj Housing Finance,7.25%
MAS Financial,Self-employed,850,850,CIBIL 800+,11.50%,HDFC Bank,7.30%,Bajaj Housing Finance,7.35%,LIC Housing Finance,7.50%
JM Financial Services,Salaried,600,600,CIBIL 600–649,13.50%,HDFC Bank,8.75%,LIC Housing Finance,9.50%,Bajaj Housing Finance,10.00%
JM Financial Services,Self-employed,600,600,CIBIL 600–649,14.00%,HDFC Bank,8.90%,Tata Capital,10.00%,Bajaj Housing Finance,11.00%
JM Financial Services,Salaried,625,622,CIBIL 600–649,13.20%,HDFC Bank,8.60%,LIC Housing Finance,9.30%,Bajaj Housing Finance,9.75%
JM Financial Services,Self-employed,625,622,CIBIL 600–649,13.70%,HDFC Bank,8.75%,Tata Capital,9.80%,Bajaj Housing Finance,10.70%
JM Financial Services,Salaried,675,677,CIBIL below 700,12.55%,HDFC Bank,8.30%,LIC Housing Finance,8.85%,Bajaj Housing Finance,9.25%
JM Financial Services,Self-employed,675,677,CIBIL below 700,13.05%,HDFC Bank,8.45%,Tata Capital,9.35%,Bajaj Housing Finance,10.00%
JM Financial Services,Salaried,725,737,CIBIL 700–749,11.45%,HDFC Bank,7.80%,LIC Housing Finance,8.15%,Bajaj Housing Finance,8.40%
JM Financial Services,Self-employed,725,737,CIBIL 700–749,11.95%,HDFC Bank,7.95%,Tata Capital,8.65%,Bajaj Housing Finance,8.90%
JM Financial Services,Salaried,775,778,CIBIL 750–799,10.45%,HDFC Bank,7.35%,LIC Housing Finance,7.45%,Bajaj Housing Finance,7.60%
JM Financial Services,Self-employed,775,778,CIBIL 750–799,10.95%,HDFC Bank,7.50%,Bajaj Housing Finance,7.85%,LIC Housing Finance,7.95%
JM Financial Services,Salaried,825,839,CIBIL 800+,10.00%,HDFC Bank,7.15%,LIC Housing Finance,7.15%,Bajaj Housing Finance,7.25%
JM Financial Services,Self-employed,825,839,CIBIL 800+,10.50%,HDFC Bank,7.30%,Bajaj Housing Finance,7.35%,LIC Housing Finance,7.50%
JM Financial Services,Salaried,790,790,CIBIL 750–799,10.30%,HDFC Bank,7.25%,LIC Housing Finance,7.35%,Bajaj Housing Finance,7.45%
JM Financial Services,Self-employed,790,790,CIBIL 750–799,10.80%,HDFC Bank,7.40%,Bajaj Housing Finance,7.65%,LIC Housing Finance,7.80%
JM Financial Services,Salaried,850,850,CIBIL 800+,10.00%,HDFC Bank,7.15%,LIC Housing Finance,7.15%,Bajaj Housing Finance,7.25%
JM Financial Services,Self-employed,850,850,CIBIL 800+,10.50%,HDFC Bank,7.30%,Bajaj Housing Finance,7.35%,LIC Housing Finance,7.50%
Axis Finance,Salaried,600,600,CIBIL 600–649,13.75%,HDFC Bank,8.75%,LIC Housing Finance,9.50%,Bajaj Housing Finance,10.00%
Axis Finance,Self-employed,600,600,CIBIL 600–649,14.00%,HDFC Bank,8.90%,Tata Capital,10.00%,Bajaj Housing Finance,11.00%
Axis Finance,Salaried,625,622,CIBIL 600–649,13.45%,HDFC Bank,8.60%,LIC Housing Finance,9.30%,Bajaj Housing Finance,9.75%
Axis Finance,Self-employed,625,622,CIBIL 600–649,13.70%,HDFC Bank,8.75%,Tata Capital,9.80%,Bajaj Housing Finance,10.70%
Axis Finance,Salaried,675,677,CIBIL below 700,12.80%,HDFC Bank,8.30%,LIC Housing Finance,8.85%,Bajaj Housing Finance,9.25%
Axis Finance,Self-employed,675,677,CIBIL below 700,13.05%,HDFC Bank,8.45%,Tata Capital,9.35%,Bajaj Housing Finance,10.00%
Axis Finance,Salaried,725,737,CIBIL 700–749,11.70%,HDFC Bank,7.80%,LIC Housing Finance,8.15%,Bajaj Housing Finance,8.40%
Axis Finance,Self-employed,725,737,CIBIL 700–749,11.95%,HDFC Bank,7.95%,Tata Capital,8.65%,Bajaj Housing Finance,8.90%
Axis Finance,Salaried,775,778,CIBIL 750–799,10.70%,HDFC Bank,7.35%,LIC Housing Finance,7.45%,Bajaj Housing Finance,7.60%
Axis Finance,Self-employed,775,778,CIBIL 750–799,10.95%,HDFC Bank,7.50%,Bajaj Housing Finance,7.85%,LIC Housing Finance,7.95%
Axis Finance,Salaried,825,839,CIBIL 800+,10.25%,HDFC Bank,7.15%,LIC Housing Finance,7.15%,Bajaj Housing Finance,7.25%
Axis Finance,Self-employed,825,839,CIBIL 800+,10.50%,HDFC Bank,7.30%,Bajaj Housing Finance,7.35%,LIC Housing Finance,7.50%
Axis Finance,Salaried,790,790,CIBIL 750–799,10.55%,HDFC Bank,7.25%,LIC Housing Finance,7.35%,Bajaj Housing Finance,7.45%
Axis Finance,Self-employed,790,790,CIBIL 750–799,10.80%,HDFC Bank,7.40%,Bajaj Housing Finance,7.65%,LIC Housing Finance,7.80%
Axis Finance,Salaried,850,850,CIBIL 800+,10.25%,HDFC Bank,7.15%,LIC Housing Finance,7.15%,Bajaj Housing Finance,7.25%
Axis Finance,Self-employed,850,850,CIBIL 800+,10.50%,HDFC Bank,7.30%,Bajaj Housing Finance,7.35%,LIC Housing Finance,7.50%
